Road,Progress_m,RelativeElevation_m,LocalTurning_K_deg,LocalSlopeVariation_G_deg,Dstar_m,ValidForCorrelation,IsAdaptiveWaypoint,RoadEndWindowClass
A,0,0,0.785892640765263,0.139123503811897,4.02846364068316,1,1,FullD0Window
A,2.01366723778217,0.220199404408845,1.17404015473564,0.199655678327214,6.04316976171465,1,0,FullD0Window
A,4.02846364068316,0.442135506246359,1.52316393807119,0.249422172182599,6.04340492713304,1,1,FullD0Window
A,6.0432458970833,0.664663644724783,1.58313105403958,0.320567368169305,6.05176839176971,1,0,FullD0Window
A,8.05683699949681,0.886239204131698,1.79687446069034,0.35268576279103,6.06581737128618,1,0,FullD0Window
A,10.0718685678162,1.10573867125117,2.25027290044491,0.35500104439572,6.0783718550899,1,1,FullD0Window
A,12.095014288853,1.32267751285724,2.91437683805551,0.35626645422199,8.09226834666569,1,0,FullD0Window
A,14.122654370783,1.53741677037408,4.5571172889898,0.348102174164616,8.0663141711484,1,0,FullD0Window
A,16.1502404229061,1.74953820085909,7.35731214324217,0.302126207685153,8.02575231942377,1,1,FullD0Window
A,18.1731985711694,1.95855055707023,10.8218078300487,0.241305020863021,7.97773521499813,1,0,FullD0Window
A,20.1872826355187,2.16374377675436,13.2856272971424,0.169316603128778,7.96322044316481,1,0,FullD0Window
A,22.1889685419314,2.36432627706824,13.6538484277625,0.130549420683859,7.98659481017697,1,0,FullD0Window
A,24.1759927423299,2.56080841795062,12.372063993516,0.166998628158874,8.02723645702634,1,1,FullD0Window
A,26.1509337861675,2.75577268189295,9.60197999415254,0.204868519149383,8.06104435074362,1,0,FullD0Window
A,28.1505030786835,2.95241349590958,6.80470505191119,0.202122693028991,8.078478894838,1,0,FullD0Window
A,30.1755633521084,3.15083734346331,6.00037578557355,0.21432246331091,8.07431793743972,1,0,FullD0Window
A,32.2032291993562,3.35121413306422,7.43991455337169,0.150196143404474,8.0593913774701,1,1,FullD0Window
A,34.2119781369112,3.55395799586677,9.66095853153055,0.0945604754541941,8.04568813654426,1,0,FullD0Window
A,36.2289819735215,3.75856469738346,10.8646471436478,0.105588482313839,8.02690741280124,1,0,FullD0Window
A,38.2498812895481,3.96407081650352,10.599693238876,0.105924728372721,8.01801386322266,1,0,FullD0Window
A,40.2626205768263,4.16955051701666,8.87918627950087,0.100691941057938,8.02556975970058,1,1,FullD0Window
A,42.2576662734554,4.37444192769192,6.61285730805731,0.140945057346828,8.05067715455242,1,0,FullD0Window
A,44.2558893863228,4.5788988135298,6.19707954021028,0.148775863323164,8.06529827841312,1,0,FullD0Window
A,46.2678951527707,4.78320081040192,8.56068092320196,0.138727580105264,8.06360079272518,1,0,FullD0Window
A,48.2881903365269,4.98776247480544,12.5074637924539,0.149749935127386,8.0534243670696,1,1,FullD0Window
A,50.3083434280078,5.19333315328186,17.0457647339411,0.134813010303079,8.04401093630037,1,0,FullD0Window
A,52.3211876647359,5.40025083754131,18.9544188004584,0.123543523838813,8.04212556296549,1,0,FullD0Window
A,54.3314959454959,5.60837583589034,16.5256197052176,0.142649658899826,8.04166010224215,1,0,FullD0Window
A,56.3416147035965,5.81686953822123,12.4578470935636,0.166408860695455,8.04343791125045,1,1,FullD0Window
A,58.3523543643082,6.02585858010002,8.31762333274364,0.181321926282379,8.0460452939688,1,0,FullD0Window
A,60.3633132277014,6.23602741257025,4.87432676291816,0.228599842129808,8.04819591359757,1,0,FullD0Window
A,62.3731560477381,6.44769443388373,3.3311412853242,0.297549287240074,8.04934512454852,1,0,FullD0Window
A,64.3850526148469,6.66141500137712,3.00315416332996,0.371464437155052,8.04653051662069,1,1,FullD0Window
A,66.398399658277,6.87706361810569,2.82950758429802,0.472409883286618,8.04407207636739,1,0,FullD0Window
A,68.4115091412989,7.09209953318214,2.80379521621201,0.504643535347378,8.04250286393001,1,0,FullD0Window
A,70.4225011722866,7.30320338312038,2.9072584122742,0.461341887943661,8.04232540522216,1,0,FullD0Window
A,72.4315831314676,7.51016873286073,3.00891515058024,0.382496754442072,8.04203973464146,1,1,FullD0Window
A,74.4424717346444,7.71263368065718,2.95681406150542,0.290133281245749,8.03816212732998,1,0,FullD0Window
A,76.4540120052289,7.91094685835458,2.79325708037707,0.232081271443903,8.03570996554578,1,0,FullD0Window
A,78.4648265775088,8.10593950692623,2.60923935540244,0.234412350605714,8.03540407363528,1,0,FullD0Window
A,80.4736228661091,8.29848017443248,2.45927279098523,0.281091249185856,8.03729009499644,1,1,FullD0Window
A,82.4806338619744,8.48946835253935,2.51609111358247,0.346840929077655,8.04016070459809,1,0,FullD0Window
A,84.4897219707747,8.67949372666237,2.70194763783558,0.425448221910176,8.03923311311303,1,0,FullD0Window
A,86.500230651144,8.86848252772393,2.74387425628791,0.486331976571406,8.0343026619542,1,0,FullD0Window
A,88.5109129611055,9.0540612934592,2.63573279947683,0.526692910678073,8.02918277676892,1,1,FullD0Window
A,90.5207945665725,9.23613502060812,2.49592336762803,0.57726369193928,8.0267996476008,1,0,FullD0Window
A,92.5289550838878,9.41451397133574,2.38061490446204,0.639933722444151,8.02694194120993,1,0,FullD0Window
A,94.5345333130982,9.58885639482867,2.40602076196769,0.703899166981461,8.02936488110922,1,0,FullD0Window
A,96.5400957378744,9.75869639469079,2.66013478452949,0.761633379941656,8.03052324425212,1,1,FullD0Window
A,98.5475942141733,9.92383727491915,2.9270023819515,0.817163872714243,8.02760656268242,1,0,FullD0Window
A,100.555897025098,10.0839499162248,3.0557228386952,0.858960923856801,8.02170819808815,1,0,FullD0Window
A,102.563898194207,10.2380525166201,3.22985334462276,0.88287222478294,8.01838546025256,1,0,FullD0Window
A,104.570618982127,10.3855973371462,3.55922739997995,0.920797294471797,8.01705466171943,1,1,FullD0Window
A,106.575200776856,10.5262445762144,3.77579858936933,0.994729108262581,8.01588638103848,1,0,FullD0Window
A,108.577605223186,10.6598609968416,3.85609281633643,1.07893893423765,8.01457103756394,1,0,FullD0Window
A,110.58228365446,10.7865395595995,4.09636709214694,1.15135170546132,8.01336739652318,1,0,FullD0Window
A,112.587673643846,10.9064225772782,4.46226816837315,1.20239887370229,8.011402739891,1,1,FullD0Window
A,114.591087157894,11.0187543076282,4.62499929814124,1.19632834526654,8.00895958508094,1,0,FullD0Window
A,116.59217626075,11.1209065291973,4.60693309349881,1.14335332246368,8.00711883670346,1,0,FullD0Window
A,118.595651050983,11.2131357367957,4.20422638494008,1.0697879937736,8.0044370989003,1,0,FullD0Window
A,120.599076383737,11.295792309442,3.16387577651349,0.967935627162481,8.00249882957831,1,1,FullD0Window
A,122.600046742975,11.3696041290985,1.77555254633346,0.847251366351175,8.00258211448643,1,0,FullD0Window
A,124.599295097453,11.4348414065041,0.687233305914099,0.713236122728441,8.00431534696253,1,0,FullD0Window
A,126.600088149883,11.4918682467164,0.361693960495688,0.569819546046439,8.00504410323406,1,0,FullD0Window
A,128.601575213315,11.5411624816625,0.703609773581948,0.453640923452279,8.00462311995065,1,1,FullD0Window
A,130.602628857462,11.5853744521889,1.34417478635563,0.379035681343278,8.00323950881477,1,0,FullD0Window
A,132.603610444416,11.6251695887577,2.55134171662623,0.342977754992427,7.99993144646595,1,0,FullD0Window
A,134.605132253118,11.6612073855778,3.81652039258392,0.346945713872495,7.99769508088932,1,0,FullD0Window
A,136.606198333266,11.6943034562914,4.54052317708235,0.35417287793083,7.99846309087982,1,1,FullD0Window
A,138.605868366276,11.7250274246405,4.66633367085331,0.34596240240185,8.0014096182687,1,0,FullD0Window
A,140.603541890882,11.7539615175917,4.23260207000248,0.315177981573107,8.00465483458626,1,0,FullD0Window
A,142.602827334007,11.7802437317349,3.71637822018807,0.248812062300094,8.00310401341076,1,0,FullD0Window
A,144.604661424146,11.8023328398945,3.54878903150727,0.174619483275987,8.00145917244512,1,1,FullD0Window
A,146.607277984545,11.8216084798206,3.65838971901849,0.144766640680825,8.00099797078121,1,0,FullD0Window
A,148.608196725468,11.8391711075496,4.07250193915408,0.188180812912292,8.00219880577009,1,0,FullD0Window
A,150.605931347418,11.8558562437039,4.67891518485325,0.271103583169917,8.00431909338855,1,0,FullD0Window
A,152.606120596591,11.8713873536615,5.5843990990259,0.353324025206902,8.00365774184152,1,1,FullD0Window
A,154.608275955326,11.8855890464155,6.85802058430607,0.460726948041276,8.00157197996489,1,0,FullD0Window
A,156.610395531238,11.8999458270482,8.27275781684069,0.545471111647489,8.00075779157871,1,0,FullD0Window
A,158.610250440806,11.9178347034729,9.53485146055672,0.59179164164902,8.00062791778061,1,0,FullD0Window
A,160.609778338432,11.9396668879755,10.0971359831219,0.643936997917253,8.00197976326004,1,1,FullD0Window
A,162.609847935291,11.9657034573063,10.0923156130986,0.706951612020539,8.00300645406458,1,0,FullD0Window
A,164.611153322817,11.995918075347,10.0924186301503,0.772484308054457,8.00181246247035,1,0,FullD0Window
A,166.610878358587,12.0309560738509,10.1000822079217,0.857263867301456,8.00401307228495,1,0,FullD0Window
A,168.611758101692,12.0713895533879,10.0717963850013,0.989701138469558,8.00413864784625,1,1,FullD0Window
A,170.612854389356,12.1177076207678,10.1418692388413,1.14403051121365,8.00423361581591,1,0,FullD0Window
A,172.612965785287,12.1704875059223,10.4172091148957,1.30930288277534,8.00730686777933,1,0,FullD0Window
A,174.614891430872,12.2299998533791,11.0274952502505,1.50887458300899,8.00772068976283,1,0,FullD0Window
A,176.615896749539,12.296798404574,11.8306936957709,1.68501893386975,8.0098221181822,1,1,FullD0Window
A,178.617088005172,12.3746751487475,12.6331896198134,1.8002651670514,8.01286636547573,1,0,FullD0Window
A,180.620272653066,12.4642255657288,13.3251207188305,1.88620515830434,8.01522846014873,1,0,FullD0Window
A,182.622612120635,12.5657944571002,13.6554028728294,1.93176327991848,8.01997251666211,1,0,FullD0Window
A,184.625718867721,12.6811973806265,13.6824482857035,1.91792744016997,8.02496280579916,1,1,FullD0Window
A,186.629954370647,12.8129206154915,13.6873423696071,1.88234022331087,8.02985203629842,1,0,FullD0Window
A,188.635501113215,12.9598976756328,13.8766460970487,1.85096250920174,8.03474953352472,1,0,FullD0Window
A,190.642584637297,13.1219108343365,14.4037235277299,1.81238927950179,8.03969485391576,1,0,FullD0Window
A,192.65068167352,13.2983643763745,15.1556983062222,1.75993687552828,8.04524207180873,1,1,FullD0Window
A,194.659806406946,13.4895475722291,15.9521344361174,1.68658264800384,8.05132119398357,1,0,FullD0Window
A,196.67025064674,13.6955874067902,16.6671892609228,1.61752245057128,8.05761472398822,1,0,FullD0Window
A,198.682279491212,13.9156853832336,17.1941872894161,1.57367174009636,8.06388568769,1,0,FullD0Window
A,200.695923745329,14.1492509747202,16.9549306764484,1.53651998226573,8.0710389737867,1,1,FullD0Window
A,202.711127600929,14.3956803452004,15.0145868526895,1.47957765192129,8.07176265956539,1,0,FullD0Window
A,204.727865370728,14.6543668053572,11.8916118730593,1.40984945378578,8.07488484522281,1,0,FullD0Window
A,206.746165178902,14.9250329496596,8.61382499350238,1.35430401936033,8.08046502136352,1,0,FullD0Window
A,208.766962719115,15.2082317507551,4.78735005024247,1.30527063415909,8.08720472847747,1,1,FullD0Window
A,210.782890260495,15.5030348286186,2.12114675682746,1.2491092150515,8.10238554071375,1,0,FullD0Window
A,212.802750215951,15.8085441839298,1.35007005743583,1.17744660058308,8.11578919298265,1,0,FullD0Window
A,214.826630200266,16.1238429361758,0.95581811035224,1.079654234755,8.12641011786008,1,0,FullD0Window
A,216.854167447593,16.4492339321934,0.921056055286751,0.902047975388933,8.13361411179733,1,1,FullD0Window
A,218.885275801208,16.787642802252,1.24753425486363,0.72221668616859,8.13651473891383,1,0,FullD0Window
A,220.918539408934,17.1345694703208,1.94746210881458,0.57926256646754,8.13592046255019,1,0,FullD0Window
A,222.953040318126,17.4889592319544,2.76347085005474,0.430763883837272,8.13244808591051,1,0,FullD0Window
A,224.98778155939,17.8493032276443,3.51419526158152,0.342540355098937,8.13366128103993,1,1,FullD0Window
A,227.021790540122,18.2139091006176,4.13660395819757,0.319784205386466,8.13974046101046,1,0,FullD0Window
A,229.054459871484,18.5824538801902,4.62311699203414,0.336358850770055,8.14633311978108,1,0,FullD0Window
A,231.085488404037,18.9537416843705,5.23624713102776,0.44490986311524,8.14899606676931,1,0,FullD0Window
A,233.12144284043,19.3257298912316,6.80143603182987,0.618968496385786,8.13665300425546,1,1,FullD0Window
A,235.161531001133,19.6960111880538,9.73092186440996,0.768624077530162,8.12689985712836,1,0,FullD0Window
A,237.200792991265,20.0623905055525,13.9042231541183,0.891097183264417,8.1249327056772,1,0,FullD0Window
A,239.234484470806,20.4233654792229,19.4111467463246,1.01802690371595,8.11215474166644,1,0,FullD0Window
A,241.258095844686,20.7781731126306,25.0807228993458,1.13634158299555,8.13057735468217,1,1,FullD0Window
A,243.288430858261,21.1257128500829,28.746376466113,1.29848039024996,8.09714008918203,1,0,FullD0Window
A,245.325725696942,21.4650155284342,30.0319319988028,1.47132056650401,8.11184358350292,1,0,FullD0Window
A,247.346639212472,21.7955486129127,29.0625449638686,1.58908105987399,8.10394642760184,1,0,FullD0Window
A,249.388673199368,22.1165704576929,25.6385842860221,1.82445965002901,8.07017351983649,1,1,FullD0Window
A,251.385570947443,22.4265047438745,20.4018508755911,1.91550007446994,8.10780135271244,1,0,FullD0Window
A,253.437569280445,22.7224762907069,15.9356815987831,1.98276543341092,8.07360796801811,1,0,FullD0Window
A,255.450585640074,23.0040635036941,12.2736195324074,2.21691681856583,8.06098461879637,1,0,FullD0Window
A,257.458846719204,23.2716577354792,9.00041623934877,2.31462887827674,8.05718173806963,1,1,FullD0Window
A,259.493372300156,23.5246234783918,6.95066581640638,2.3516174818892,8.03143899513213,1,0,FullD0Window
A,261.511177248463,23.7596786313949,5.58504057545017,2.33819868586181,8.02593895309508,1,0,FullD0Window
A,263.511570258871,23.9752992893035,3.99814283572235,2.19009385811049,8.03968139717125,1,0,FullD0Window
A,265.516028457274,24.1715335851457,2.66949498150067,1.92591504826573,8.04914494900254,1,1,FullD0Window
A,267.524811295288,24.3485650866388,2.23792094280898,1.59501467713089,8.05188522017073,1,0,FullD0Window
A,269.537116201558,24.5080587886999,2.70750065320459,1.20863418981738,8.04679940671116,1,0,FullD0Window
A,271.551251656042,24.6510796880854,3.93667276434265,0.814433046800975,8.03426834257004,1,0,FullD0Window
A,273.565173406277,24.7804475946934,5.21491102979267,0.503663948731729,8.01600233436977,1,1,FullD0Window
A,275.576696515458,24.8989249978729,5.78698685938053,0.341660457935654,8.00529058941174,1,0,FullD0Window
A,277.583915608269,25.010116728315,6.216736376676,0.392699748346334,8.01678705084811,1,0,FullD0Window
A,279.585519998612,25.1175029395685,6.91150717229152,0.69233822194773,8.0361086657303,1,0,FullD0Window
A,281.581175740646,25.2242874242112,8.16280838498168,1.13255394387425,8.04915111788307,1,1,FullD0Window
A,283.58198710487,25.3328887429549,10.2497020193724,1.54075041532384,8.03332836885227,1,0,FullD0Window
A,285.600702659117,25.4448718207916,12.4050711970194,1.8475601899469,8.00447340264543,1,0,FullD0Window
A,287.621628664342,25.5636208685984,14.0366854428962,1.99795911236929,8.01418365274503,1,0,FullD0Window
A,289.630326858529,25.6947831023678,15.5914334186698,1.94512834379854,8.04071374706416,1,1,FullD0Window
A,291.615315473722,25.8416626916802,17.3172908574428,1.65059268033217,8.06093250151577,1,0,FullD0Window
A,293.605176061763,26.0048411134122,18.2882528128385,1.24216636946648,8.05191423287704,1,0,FullD0Window
A,295.635812317087,26.1859509266922,18.7665004220355,0.91486933975894,8.04298982384682,1,0,FullD0Window
A,297.671040605594,26.3832427007222,23.8256629101817,0.727940002867983,8.03373683896558,1,1,FullD0Window
A,299.676247975238,26.5929019520157,35.270105825947,0.683870067996049,8.03232337071063,1,0,FullD0Window
A,301.65709029464,26.8070878125569,48.8382654824489,0.864826019485926,8.05617709561301,1,0,FullD0Window
A,303.678802140934,27.0209079237214,63.9544565842195,1.00181816636999,6.03446524931894,1,0,FullD0Window
A,305.704777444559,27.238503773282,75.1186646713107,0.9417376751608,6.01407292128187,1,1,FullD0Window
A,307.708571345949,27.4625028104132,75.1172548319821,0.764540222735447,4.0102790198921,1,0,FullD0Window
A,309.713267390253,27.6950359125077,71.4536949752755,0.71439803921267,4.01211105694466,1,0,FullD0Window
A,311.718850365841,27.9353872116332,69.9001105343731,0.665430858325426,4.01893535814861,1,1,FullD0Window
A,313.725378447198,28.1817290143686,63.0657518356111,0.606828242724829,8.03770402155374,1,0,FullD0Window
A,315.73778572399,28.4337411232935,53.6128255102939,0.511628240945402,8.04250131691828,1,1,FullD0Window
A,317.750525525957,28.6912191302667,46.0545464809125,0.376465481895486,8.04661007377229,1,0,FullD0Window
A,319.759800108683,28.9538212993725,32.4397623223217,0.203777754067468,8.05424318039729,1,0,FullD0Window
A,321.763082468751,29.218086516142,18.9495829966853,0.185504818822535,8.06912050689721,1,0,FullD0Window
A,323.780287040908,29.4829441350554,19.3520841233426,0.276787930560163,8.06966616500705,1,1,FullD0Window
A,325.797135599729,29.7485555185559,16.4378976678198,0.380141963130492,8.06981075542774,1,0,FullD0Window
A,327.81404328908,30.0159592732932,14.5918079147694,0.470449693604376,8.0686201056123,1,0,FullD0Window
A,329.832202975648,30.2841743856793,14.190867654707,0.497613409202406,8.0660835067099,1,0,FullD0Window
A,331.849953205915,30.5493668975517,14.4707424857296,0.45817261599933,8.06386062565014,1,1,FullD0Window
A,333.866946355157,30.80975419939,15.7127196859531,0.512002860505198,8.06289356910128,1,0,FullD0Window
A,335.882663394692,31.0647171957671,17.7482671431128,0.649117289904435,8.06316592707344,1,0,FullD0Window
A,337.898286482358,31.3152563172619,20.010013017098,0.781381065243072,8.065376643599,1,0,FullD0Window
A,339.913813831565,31.5634652385677,22.3394004617664,0.900313929220163,8.06805647715601,1,1,FullD0Window
A,341.929839924258,31.812583064603,24.0992719199167,0.854525893830633,8.07172662971192,1,0,FullD0Window
A,343.945829321766,32.0696974669207,24.6655043330823,0.644380647453566,8.0748335352464,1,0,FullD0Window
A,345.963663125957,32.3380830867966,23.6472656006512,0.414482392264008,8.07730983177191,1,0,FullD0Window
A,347.981870308721,32.6146136694243,19.9762113485063,0.273393192746882,8.07928374235252,1,1,FullD0Window
A,350.00156655397,32.8955408866126,15.2376322358334,0.269976953306414,8.08128754332631,1,0,FullD0Window
A,352.020662857012,33.1789863547459,11.5709128837602,0.363395205861294,8.0810196848235,1,0,FullD0Window
A,354.040972957729,33.4646570882059,8.07023299810333,0.49179249649259,8.08056817410909,1,0,FullD0Window
A,356.061154051074,33.7528527430993,6.59551466089908,0.705378915219889,8.07839722799861,1,1,FullD0Window
A,358.082854097296,34.0406157396237,8.40075126918383,0.942153520900202,8.07459966958879,1,0,FullD0Window
A,360.101682541836,34.3247321504366,8.65719067123264,1.15142514786733,8.07144665149445,1,0,FullD0Window
A,362.121541131838,34.6023402880455,8.5681389045659,1.36832151774801,8.06669301487153,1,0,FullD0Window
A,364.139551279072,34.8735113079832,8.66391076668768,1.61207736585312,8.06114055850225,1,1,FullD0Window
A,366.157453766885,35.1365065535703,9.12610699223163,1.81523655129856,8.05414827117403,1,0,FullD0Window
A,368.17312919333,35.3889703757166,11.2587313047347,1.9327703736046,8.04860419531065,1,0,FullD0Window
A,370.18823414671,35.6288520667483,15.8322522209725,1.98087190235703,8.04022839588993,1,0,FullD0Window
A,372.200691837574,35.8546059338432,21.6659647854717,1.96730277550584,8.03321022349405,1,1,FullD0Window
A,374.211602038059,36.0641846676356,26.7529039080774,1.86199224202539,8.02646485228803,1,0,FullD0Window
A,376.221733388641,36.2567568189413,28.8044998374186,1.67780966476244,8.01931390588584,1,0,FullD0Window
A,378.2284625426,36.4338860938753,26.1355305169923,1.44399738638493,8.01764664953129,1,0,FullD0Window
A,380.233902061068,36.5958916093898,20.1853115217565,1.1662013446585,8.01541717524958,1,1,FullD0Window
A,382.238066890347,36.7433335466823,13.7117905212297,0.860067489769796,8.01455011580441,1,0,FullD0Window
A,384.241047294527,36.8772380187365,9.50463357446885,0.575950576965657,8.01456770724104,1,0,FullD0Window
A,386.246109192131,37.0024645323293,7.46872997375875,0.384736059460923,8.01196318562887,1,0,FullD0Window
A,388.249319236318,37.121521707617,5.62424178858111,0.280849203372988,8.01287724415641,1,1,FullD0Window
A,390.252617006152,37.2352017192362,4.77197204907064,0.291851031969778,8.01395991531592,1,0,FullD0Window
A,392.255615001768,37.3456678730212,4.25486047666194,0.441846215202946,8.01596029696628,1,0,FullD0Window
A,394.25807237776,37.4546958013059,3.90227900396838,0.711546827865472,8.01681212870074,1,0,FullD0Window
A,396.262196480474,37.5640107264333,4.14984304637598,1.03325102782955,8.01557965883575,1,1,FullD0Window
A,398.266576921468,37.6751410123375,4.10964553538119,1.33810433829116,8.01690030236597,1,0,FullD0Window
A,400.271575298734,37.7910717330783,4.19359098147861,1.59131679515634,8.01923393357362,1,0,FullD0Window
A,402.274884506461,37.9144873320429,4.82276489287983,1.76967477366568,8.02330893197598,1,0,FullD0Window
A,404.27777613931,38.0480718265419,7.67619544990699,1.84091876199846,8.02850462265178,1,1,FullD0Window
A,406.283477223834,38.1942064650658,12.3164288037552,1.79711592286705,8.03262965142977,1,0,FullD0Window
A,408.290809232308,38.3546082448034,17.1639862738759,1.67406170523566,8.0369362550112,1,0,FullD0Window
A,410.298193438437,38.5302280818063,20.7381702306451,1.50794772598699,8.04261136960355,1,0,FullD0Window
A,412.306280761962,38.7214467280196,22.3712835114367,1.34352150849624,8.04836852672383,1,1,FullD0Window
A,414.316106875263,38.9268151721784,24.3884138394427,1.21188234065064,8.05297293744144,1,0,FullD0Window
A,416.327745487319,39.1435196580334,27.9767586490127,1.04285553085401,8.05592978184626,1,0,FullD0Window
A,418.34080480804,39.3709085223088,32.0702717667435,0.803846574501994,8.05820355303769,1,0,FullD0Window
A,420.354649288686,39.6076821983011,36.1616415810545,0.550872363398843,8.0594464915863,1,1,FullD0Window
A,422.369079812705,39.8539159754655,39.0948028497697,0.323538945736555,8.05990407967727,1,0,FullD0Window
A,424.383675269165,40.108256962954,40.0876640003048,0.17911652286055,8.0604486140241,1,0,FullD0Window
A,426.399008361078,40.3676733027279,38.8826469956773,0.197566359816878,8.05956795351733,1,0,FullD0Window
A,428.414095780272,40.6276438652799,33.9250633463977,0.333643751942732,8.0586923864372,1,1,FullD0Window
A,430.428983892382,40.8866753467549,25.8363359329709,0.467766410968812,8.0593403516894,1,0,FullD0Window
A,432.444123883189,41.1447811986072,16.8598768078573,0.618463653996635,8.05964504473604,1,0,FullD0Window
A,434.458576314595,41.4011950225895,7.77938986271804,0.765306218608639,8.06032542591754,1,0,FullD0Window
A,436.472788166709,41.6544042814213,1.76813358147389,0.876739925896183,8.06073853560827,1,1,FullD0Window
A,438.488324244072,41.9031050437615,0.323940610288343,0.99121609688484,8.05907253776468,1,0,FullD0Window
A,440.503768927925,42.1461874786728,0.372103931501451,1.0931410210299,8.05663195689033,1,0,FullD0Window
A,442.518901740513,42.3826553751119,0.420391056027779,1.17774773365298,8.05350725061231,1,0,FullD0Window
A,444.533526702318,42.6116332818641,0.468822381026235,1.22852560194465,8.04981223559338,1,1,FullD0Window
A,446.547396781836,42.8316792650993,0.517408498831579,1.21816491869246,8.04571446603984,1,0,FullD0Window
A,448.560400884815,43.0424571861225,0.566153240405566,1.13150926402093,8.04134773825871,1,0,FullD0Window
A,450.572408991125,43.2433787500781,0.615054920912608,0.998075569692814,8.03708459504668,1,0,FullD0Window
A,452.583338937911,43.4342500577679,0.664124773766698,0.85423962038896,8.03295934304828,1,1,FullD0Window
A,454.593111247876,43.6148512795553,0.713375309050853,0.716145100089429,8.02897489583364,1,0,FullD0Window
A,456.601748623074,43.7860979122322,0.762826207227763,0.616922081799529,8.02501701239947,1,0,FullD0Window
A,458.609493586172,43.9517158099669,0.812510847168832,0.533316439948615,8.0208157786019,1,0,FullD0Window
A,460.616298280959,44.1121831926195,0.873160576703008,0.432995711817941,8.01652482870202,1,1,FullD0Window
A,462.62208614371,44.2676156540607,1.20437578372359,0.33016701288002,8.01215790969053,1,0,FullD0Window
A,464.626765635474,44.4178968416948,2.08196824045913,0.261129526306916,8.00784437409374,1,0,FullD0Window
A,466.630309364774,44.5637336132485,3.16514510805975,0.277891110126864,8.00619491967103,1,0,FullD0Window
A,468.632823109661,44.7077092798083,3.95829821971453,0.341118123496163,8.00827017590223,1,1,FullD0Window
A,470.6342440534,44.8500970712034,4.30932561584191,0.394130257859842,8.01341641202384,1,0,FullD0Window
A,472.634610009567,44.9912101350826,3.78218429860881,0.425796036727269,8.02012141191278,1,0,FullD0Window
A,474.636504284445,45.1306541710733,3.00569643380857,0.401193647051699,8.0238889676732,1,0,FullD0Window
A,476.641093285563,45.2657553311739,3.68724808793602,0.362698138083327,8.02364134141345,1,1,FullD0Window
A,478.647660465424,45.3971544811052,5.92315998758856,0.365269419036202,8.01968598804569,1,0,FullD0Window
A,480.65473142148,45.5253630334674,8.77797306200837,0.381886228624249,8.0163140037057,1,0,FullD0Window
A,482.660393252118,45.6509209674788,11.7457204673809,0.394732904440844,8.01473852499521,1,0,FullD0Window
A,484.664734626977,45.7743854728116,13.5205457350238,0.384208519559378,8.01345630922532,1,1,FullD0Window
A,486.66734645347,45.8950828257634,13.2812520443232,0.312560106580121,6.01084448273252,1,0,FullD0Window
A,488.671045425186,46.0116367740035,12.2822823842842,0.216718306097807,6.00961923320733,1,0,FullD0Window
A,490.675131777113,46.1247715772059,11.381992540603,0.15532863862363,6.00872352755414,1,0,FullD0Window
A,492.678190936202,46.2351467164962,10.1010944033082,0.113243579930912,6.00939727701518,1,0,FullD0Window
A,494.680664658393,46.3434701896341,NaN,NaN,4.00692355482425,0,0,RoadEndExcluded
A,496.683855304667,46.4508637425549,NaN,NaN,4.0062188945044,0,0,RoadEndExcluded
A,498.687588213217,46.5587211043743,NaN,NaN,4.00570564300131,0,0,RoadEndExcluded
A,500.690074199172,46.6675060058928,NaN,NaN,2.00321965704705,0,0,RoadEndExcluded
A,502.693293856219,46.77764161672,NaN,NaN,0,0,0,RoadEndExcluded
B,0,34.5146163708974,4.20398579954073,0.36803902258905,3.98978970662398,1,1,FullD0Window
B,1.9914529913369,34.3521314665834,4.38062430094879,0.285066666131634,6.01256369719968,1,0,FullD0Window
B,3.98978970662398,34.1825603460526,3.90500167665977,0.117584296904076,6.02788884437724,1,1,FullD0Window
B,5.99445479816499,34.0064442417353,3.44215473767222,0.0673975274049051,6.03985529048427,1,0,FullD0Window
B,8.00401668853658,33.831739553861,2.99025294966241,0.0423499904206231,6.04863585535437,1,0,FullD0Window
B,10.0176785510012,33.6568932766539,2.54735526689376,0.0401565393436627,6.05365474617753,1,1,FullD0Window
B,12.0343100886493,33.4822473942684,2.11114393239262,0.0569222151952438,8.06942488605762,1,0,FullD0Window
B,14.0526525438909,33.3079330411618,1.70966046427596,0.112779265612907,8.06164647126841,1,0,FullD0Window
B,16.0713332971788,33.1339325490811,1.5101282611899,0.195300469380802,8.04768913024535,1,1,FullD0Window
B,18.0888771622584,32.9601703918968,1.65698392732297,0.30227406902492,8.02963784186444,1,0,FullD0Window
B,20.1037349747069,32.786395837044,2.01176281260222,0.482003869395626,8.01716829459527,1,0,FullD0Window
B,22.1142990151594,32.6122134988377,2.42251586279254,0.749478546355191,8.01284961133259,1,0,FullD0Window
B,24.1190224274241,32.4359257828024,2.80913095433699,0.998718243045298,8.01832300773396,1,1,FullD0Window
B,26.1185150041228,32.2565041284616,2.89081088423667,1.124089166242,8.03276650169045,1,0,FullD0Window
B,28.1209032693021,32.074294750978,2.6872733924826,1.06843215122233,8.04678365247109,1,0,FullD0Window
B,30.1271486264919,31.8852864152279,2.4594537667656,0.892032683598024,8.05809053147486,1,0,FullD0Window
B,32.1373454351581,31.6840419511915,2.23603664026002,0.74453855611611,8.0654900694125,1,1,FullD0Window
B,34.1512815058133,31.4682913997012,2.01655155974814,0.795432096148782,8.06786672178823,1,0,FullD0Window
B,36.1676869217732,31.2450584505219,1.80021720887933,1.12804602843385,8.06528269659937,1,0,FullD0Window
B,38.1852391579668,31.0207062851453,1.49217546944374,1.61487764633877,8.05806040989147,1,0,FullD0Window
B,40.2028355045706,30.7990782251067,1.62351968503178,2.06712320757073,8.04647469772556,1,1,FullD0Window
B,42.2191482276015,30.585890975738,2.42701249648688,2.46844431844207,8.04356148286743,1,0,FullD0Window
B,44.2329696183726,30.3859820394819,3.03322471162804,2.72609478599036,8.11708007250712,1,0,FullD0Window
B,46.2432995678583,30.2025672714492,4.15926790190247,2.81851101653137,8.22625706697504,1,0,FullD0Window
B,48.2493102022961,30.0373517186005,7.85257645854618,2.77858052087698,8.30833257124467,1,1,FullD0Window
B,50.2627097104689,29.8911464801964,13.7362377676138,2.49901478971714,8.29547971806976,1,0,FullD0Window
B,52.3500496908797,29.7688515952744,23.4501601497102,2.10564587192247,8.08512370856677,1,0,FullD0Window
B,54.4695566348333,29.6706063828425,32.6741629995742,1.77248560172248,7.76818431344422,1,0,FullD0Window
B,56.5576427735408,29.5954979063936,35.6647720803564,1.51260762946754,7.65562641757334,1,1,FullD0Window
B,58.5581894285387,29.5412588755717,33.9906642155229,1.42081566407224,7.74215985784935,1,0,FullD0Window
B,60.4351733994465,29.5024924970654,28.4288466275867,1.51021540913045,7.93323522254579,1,0,FullD0Window
B,62.2377409482775,29.4741640151317,20.9299924635074,1.6878891733817,8.11413618482331,1,0,FullD0Window
B,64.2132691911141,29.4531616364462,15.1358680451255,2.00657484563648,8.15174124382476,1,1,FullD0Window
B,66.300349286388,29.4395046612707,11.5608933694021,2.34011019050722,8.0929718582445,1,0,FullD0Window
B,68.3684086219923,29.438990176448,11.5159395887396,2.48168493037559,8.03913089061183,1,0,FullD0Window
B,70.3518771331008,29.4536986229153,13.4031563740856,2.28757351576652,8.03077991850363,1,0,FullD0Window
B,72.3650104349389,29.4869752683932,16.3629807005665,1.8583175261531,7.97810156994321,1,1,FullD0Window
B,74.3933211446325,29.5425734422216,19.6162072199896,1.46173119766338,7.95241611294315,1,0,FullD0Window
B,76.4075395126041,29.6197096634097,18.525039259383,1.20313127654357,7.96877616024533,1,0,FullD0Window
B,78.3826570516045,29.7145447029274,13.9448358474866,1.15540694912824,8.02108739600774,1,0,FullD0Window
B,80.3431120048821,29.8191406930504,7.99399857280093,1.46195616390041,8.06795830987012,1,1,FullD0Window
B,82.3457372575757,29.9247856466799,3.7106238329978,1.81370478096895,8.10032507304012,1,0,FullD0Window
B,84.3763156728494,30.02314902866,3.28348825627322,2.06713487219216,8.11330311725239,1,0,FullD0Window
B,86.4037444476122,30.1089102873228,6.50499813740962,2.32391843008921,8.1117633552593,1,0,FullD0Window
B,88.4110703147522,30.1804066294695,10.6146715548791,2.57246559844766,8.09110969296142,1,1,FullD0Window
B,90.4460623306158,30.2361300895024,17.0662076044046,2.71476663250324,7.99048058821811,1,0,FullD0Window
B,92.4896187901018,30.274210708244,21.2924169012382,2.61348725991679,7.87993817498165,1,0,FullD0Window
B,94.5155078028715,30.2920695584185,21.5545484190094,2.28222469163294,7.84768544146084,1,0,FullD0Window
B,96.5021800077136,30.2882487449431,18.6888765390631,1.79768553331859,7.89587754181619,1,1,FullD0Window
B,98.4365429188339,30.2608412639947,13.7890357358942,1.28544700293682,8.00367750379196,1,0,FullD0Window
B,100.369556965083,30.2122302707292,8.11628136006998,0.950293744530545,8.0860581778587,1,0,FullD0Window
B,102.363193244332,30.1480938445877,4.18563436611373,0.856872242853222,8.1019087638425,1,0,FullD0Window
B,104.39805754953,30.0739627686823,3.11058053249476,0.92737376106547,8.08581989041288,1,1,FullD0Window
B,106.440220422626,29.9936612098747,2.58741139293746,1.03315171203025,8.06954957232905,1,0,FullD0Window
B,108.455615142942,29.9092534284599,1.48978520682237,1.01899294401675,8.08451886851344,1,0,FullD0Window
B,110.465102008175,29.8177836415646,1.48041362485179,0.888213396144856,8.10687686924973,1,0,FullD0Window
B,112.483877439943,29.7186705359227,1.2484235500011,0.745264887123387,8.11833890745825,1,1,FullD0Window
B,114.509769994955,29.6083798390366,1.52698949087136,0.67377361300506,8.11800775774289,1,0,FullD0Window
B,116.540134011456,29.4880061419607,2.32244361851812,0.714386324281671,8.10582042438993,1,0,FullD0Window
B,118.571978877425,29.3617672579252,3.4789957001826,0.893623968959358,8.08262466997493,1,0,FullD0Window
B,120.602216347401,29.2345777883928,4.67506344714833,1.17926955562593,8.04986356452446,1,1,FullD0Window
B,122.627777752698,29.1124835311377,5.91849078208743,1.43704552477504,8.00947683320724,1,0,FullD0Window
B,124.645954435846,28.9996173755582,7.23634544150262,1.65251566056576,7.96367485080215,1,0,FullD0Window
B,126.6546035474,28.8965273367028,8.96672087541063,1.68665878407375,7.91520590417659,1,0,FullD0Window
B,128.652079911925,28.8030677113245,11.0085548950049,1.52725556251441,7.86948929205715,1,1,FullD0Window
B,130.637254585905,28.7208530083557,12.25104631651,1.30054692936926,7.86450965812227,1,0,FullD0Window
B,132.609629286648,28.6552795703097,12.0026989315637,1.05412443007207,7.90327998039902,1,0,FullD0Window
B,134.569809451576,28.6079824152262,10.4610270215731,0.905450032990915,7.96490543668841,1,0,FullD0Window
B,136.521569203983,28.572087774146,7.53423137745739,0.99826829081581,8.02148752221356,1,1,FullD0Window
B,138.501764244027,28.5359882389627,5.94449226573158,1.08504245138909,8.06460665120161,1,0,FullD0Window
B,140.512909267047,28.5049758340538,9.76509356234681,0.928101046778888,8.07510706069334,1,0,FullD0Window
B,142.534714888265,28.483743616693,16.5473233808567,0.679049332468858,8.02180204418835,1,0,FullD0Window
B,144.543056726196,28.4725794677806,21.5688046942212,0.426278216410944,8.00662680246171,1,1,FullD0Window
B,146.566370895229,28.4716232805476,29.5429337462756,0.251341289166516,8.00802200591417,1,0,FullD0Window
B,148.58801632774,28.4782273984249,32.4368315205948,0.263855887462312,7.94844200779656,1,0,FullD0Window
B,150.556516932453,28.4834470724428,29.1660589874229,0.301780612499662,8.03954555484475,1,0,FullD0Window
B,152.549683528658,28.4876117292737,30.3909955980292,0.300533779570696,7.99478682495729,1,1,FullD0Window
B,154.574392901143,28.4908897733353,30.149310398371,0.268341853108063,7.90045925885343,1,0,FullD0Window
B,156.536458335537,28.4978227624161,20.1013424276568,0.17719166914477,7.91862602956758,1,0,FullD0Window
B,158.596062487298,28.5089995433867,20.1964127928397,0.16287572906309,7.87519358220132,1,0,FullD0Window
B,160.544470353615,28.5223537000646,12.913316882748,0.300894958318071,7.96536045151882,1,1,FullD0Window
B,162.474852159997,28.5363274592448,9.12077026246932,0.638846074865709,8.08290239018658,1,0,FullD0Window
B,164.455084365104,28.550202324934,9.68692454192443,1.12500333495406,8.14758886730729,1,0,FullD0Window
B,166.471256069499,28.5638122459209,10.4097406165076,1.67029730728619,8.16192591008712,1,0,FullD0Window
B,168.509830805134,28.5761364957252,10.7323296848688,2.05152982907241,8.12917399194026,1,1,FullD0Window
B,170.557754550183,28.5814906946756,9.89132659657129,2.21952531080328,8.06712445544994,1,0,FullD0Window
B,172.602673232411,28.5741653800718,8.02526052581517,2.31270390530306,8.02609817152668,1,0,FullD0Window
B,174.633181979586,28.5469658663471,5.57317663039265,2.39055314522049,8.0121334988568,1,0,FullD0Window
B,176.639004797074,28.4983328065516,3.11976065257393,2.54452617639621,8.02586703196548,1,1,FullD0Window
B,178.624879005633,28.4337037366836,2.11028498437978,2.82657243128952,8.05275922011319,1,0,FullD0Window
B,180.628771403938,28.3566522285864,4.34531261499055,2.89549060551776,8.0451677026177,1,0,FullD0Window
B,182.645315478443,28.2586663959,10.1353768183915,2.54026945364632,8.01582791297463,1,0,FullD0Window
B,184.66487182904,28.1363602081194,17.4647953855081,2.16400582316462,8.07378343860364,1,1,FullD0Window
B,186.677638225746,27.9894763070957,29.4663291928595,2.0610556659715,8.12315810780044,1,0,FullD0Window
B,188.673939106556,27.8187643609999,52.6261347724783,1.9864030971601,8.07050384279364,1,0,FullD0Window
B,190.661143391417,27.6270561176935,71.1844130320496,1.8606229131982,6.08329955793204,1,0,FullD0Window
B,192.738655267643,27.4245397364259,74.2427748621721,1.9715224981568,4.00578768170618,1,1,FullD0Window
B,194.800796333547,27.2116248303515,74.4950045400396,2.02080704067976,3.85684805082383,1,0,FullD0Window
B,196.74444294935,26.9883386188808,66.4017946672918,1.63887937069456,3.90125049970362,1,1,FullD0Window
B,198.657644384371,26.7543713534709,45.3373366324816,1.70166891928996,6.11032437982828,1,0,FullD0Window
B,200.645693449053,26.5021413131402,36.7693513950157,2.39608370853418,8.31609091957785,1,1,FullD0Window
B,202.764311812786,26.2302277414916,41.7140429983588,2.44204340788888,8.07287567283424,1,0,FullD0Window
B,204.767968764199,25.9392754491993,38.6070404785409,2.27643431558664,8.02239346125174,1,0,FullD0Window
B,206.881370563352,25.6315558248058,32.5336735016684,2.27391835530777,7.98755220335957,1,0,FullD0Window
B,208.961784368631,25.3103775214717,27.871712417275,1.55306760441042,8.04595045632473,1,1,FullD0Window
B,210.83718748562,24.9783831686964,20.18464571466,1.14033376374042,8.28222956410488,1,0,FullD0Window
B,212.790362225451,24.6409945062865,11.9720368267473,0.873501443411196,8.35455970573116,1,0,FullD0Window
B,214.868922766711,24.3004616645271,8.5374082732449,0.782670829552242,8.33549811465099,1,0,FullD0Window
B,217.007734824956,23.9582601367846,10.2078332424883,0.92266928565064,8.25946883519322,1,1,FullD0Window
B,219.119417049725,23.6151540799264,14.7314846105325,0.800269093992783,8.16690454502171,1,0,FullD0Window
B,221.144921931182,23.270926123338,17.4290906634537,1.00760352201145,8.10917904284869,1,0,FullD0Window
B,223.204420881362,22.9314462281305,16.908464909577,0.970642383809063,8.04178984642658,1,0,FullD0Window
B,225.267203660149,22.6034955758489,14.0330251349163,0.924509883291223,7.99895842870941,1,1,FullD0Window
B,227.286321594747,22.2864296485095,9.26184771706951,0.908654442944815,8.0182552015614,1,0,FullD0Window
B,229.25410097403,21.9804579560512,6.32794518023949,0.70469239368191,8.09837868803169,1,0,FullD0Window
B,231.246210727789,21.6829664472273,6.73578645685954,0.417299983706002,8.15527014449995,1,0,FullD0Window
B,233.266162088858,21.3907937645355,7.79224587432677,0.228818235570396,8.17780148408633,1,1,FullD0Window
B,235.304576796308,21.1016990075516,8.94786265949637,0.164457272522651,8.16764682300834,1,0,FullD0Window
B,237.352479662062,20.8139348824676,9.98183423574457,0.174114191529287,8.12901209993299,1,0,FullD0Window
B,239.401480872289,20.5259426060086,10.491845485635,0.204339041571026,8.08544507329296,1,0,FullD0Window
B,241.443963572945,20.2361345397948,10.2529836072001,0.407460877835585,8.05356742268174,1,1,FullD0Window
B,243.472223619317,19.9502252912509,9.22533476717094,0.726910458740641,8.04365415141595,1,0,FullD0Window
B,245.481491761995,19.6688022756356,7.50241141203655,1.14512828616267,8.06135573309058,1,0,FullD0Window
B,247.486925945582,19.3900471274932,5.47610209136577,1.67420716896357,8.09051823608419,1,0,FullD0Window
B,249.497530995626,19.1104371407073,3.65464472434716,2.05454355463853,8.12157800506637,1,1,FullD0Window
B,251.515877770733,18.8215834799607,2.50110989182518,2.00495028494806,8.14916662370905,1,0,FullD0Window
B,253.542847495086,18.5170205245172,2.25152430829302,1.68307784059105,8.16821994194015,1,0,FullD0Window
B,255.577444181666,18.1959915155076,2.91184544041975,1.23338949143435,8.17620213941535,1,0,FullD0Window
B,257.619109000693,17.8509237716015,4.49066642682354,0.716318353499164,8.17141882192027,1,1,FullD0Window
B,259.665044394442,17.4861176863022,6.34306122250589,0.345761576909678,8.1571790076456,1,0,FullD0Window
B,261.711067437026,17.1128685848305,7.3070968901677,0.238312276777092,8.13991808851176,1,0,FullD0Window
B,263.753646321081,16.7402148126042,7.14448646925806,0.181082949158645,8.13935910097365,1,0,FullD0Window
B,265.790527822613,16.374204291619,11.423784429029,0.321028643552993,8.15115446665385,1,1,FullD0Window
B,267.822223402087,16.0118313476698,34.2679431270386,1.17618274034058,8.16958813796134,1,0,FullD0Window
B,269.850985525538,15.6486928698156,72.4700141031625,2.33656582138928,6.14082601451099,1,0,FullD0Window
B,271.893005422055,15.2830896272874,101.168552478089,2.90327351115197,4.0988061179936,1,0,FullD0Window
B,273.941682289267,14.9159665683403,115.003904454029,3.14341277122986,4.01942640505212,1,1,FullD0Window
B,275.991811540049,14.5457391281427,108.628582854349,2.96587986305633,1.96929715427046,1,0,FullD0Window
B,277.961108694319,14.1708385983284,69.8979830411264,1.87736790699479,2.04872878314058,1,1,FullD0Window
B,280.00983747746,13.7913773486181,34.9102126369936,1.14388161356248,8.2598726978627,1,1,FullD0Window
B,281.938873568542,13.4076955870729,19.0281210832589,1.30310075178376,8.38873729255988,1,0,FullD0Window
B,283.983690315063,13.0205431029457,9.37258701234395,0.846019593837391,8.38219260233149,1,0,FullD0Window
B,286.126766629144,12.6309875254094,6.52354106033618,0.907598108968507,8.27673473874182,1,0,FullD0Window
B,288.269710175322,12.2398547939807,4.19526525845,0.921013320202935,8.16957983074417,1,1,FullD0Window
B,290.327610861102,11.8482451110142,1.07656717572215,0.890695884414789,8.14654249303783,1,0,FullD0Window
B,292.365882917394,11.4574815429112,0.669475657285445,0.981301750887895,8.14152621103744,1,0,FullD0Window
B,294.403501367885,11.0727924051253,0.449874761325581,0.868149168572904,8.13630865771654,1,0,FullD0Window
B,296.439290006066,10.700220457916,0.308769164179827,1.00812491262947,8.13403309263111,1,1,FullD0Window
B,298.47415335414,10.3345241954827,0.27739932093297,1.35396437841896,8.13526155340844,1,0,FullD0Window
B,300.507409128432,9.97904766520708,0.355276362356944,1.76021038288293,8.14215762058205,1,0,FullD0Window
B,302.539810025602,9.62893205573198,0.542090544489743,2.27579680579667,8.1542347421265,1,0,FullD0Window
B,304.573323098698,9.27208279664978,0.782372498470869,2.38028234916193,8.16862988965755,1,1,FullD0Window
B,306.609414907548,8.89976637083157,1.02217671861137,2.12697574426356,8.18304178378395,1,0,FullD0Window
B,308.649566749014,8.50419620440925,1.26210892083222,1.63607918890337,8.19502639732093,1,0,FullD0Window
B,310.694044767729,8.08475441298447,1.50268496176542,1.13860944486069,8.20283581232684,1,0,FullD0Window
B,312.741952988355,7.64638763302491,1.7443445675218,0.724100656797407,8.20747444617302,1,1,FullD0Window
B,314.792456691332,7.19326339919269,2.2690629036479,0.438234009866694,8.20903445945805,1,0,FullD0Window
B,316.844593146335,6.72985189465726,3.50688676594298,0.415343083067257,8.20792593437955,1,0,FullD0Window
B,318.896880580055,6.26275680518847,4.76802463707859,0.615955707079977,8.22154531598994,1,0,FullD0Window
B,320.949427434528,5.79161683690984,5.27025679777784,0.940845758961762,8.25180010510468,1,1,FullD0Window
B,323.00149115079,5.31995554762727,6.24850430775248,1.23683794119542,8.2755614256813,1,0,FullD0Window
B,325.052519080714,4.85073080649329,8.46888430501739,1.34724976417703,8.27192273806401,1,0,FullD0Window
B,327.118425896045,4.38441592651373,11.7318777217742,1.48829693087645,8.20935916648483,1,0,FullD0Window
B,329.201227539633,3.92610129672471,16.2285043406546,1.79954444676003,8.11117482375511,1,1,FullD0Window
B,331.277052576472,3.48629201345329,20.1150685832527,2.20773260654217,8.08536180681699,1,0,FullD0Window
B,333.324441818778,3.06222049598193,21.3297361177725,2.68984452157508,8.1129275352057,1,0,FullD0Window
B,335.32778506253,2.65292300759097,19.5965253763015,3.24117347348396,8.15426986337741,1,0,FullD0Window
B,337.312402363388,2.25927558337537,16.6347855130068,3.62716066739865,8.17531913233898,1,1,FullD0Window
B,339.362414383289,1.8822889026037,17.0685928683541,3.75998022350688,8.23870775353498,1,0,FullD0Window
B,341.437369353984,1.52901757544544,23.2627994166393,4.02467270090486,8.24298121843339,1,0,FullD0Window
B,343.482054925908,1.20439618658418,30.0552997134888,4.83733260814083,8.12291945886045,1,0,FullD0Window
B,345.487721495727,0.909254733119724,31.9156463468113,5.51237533987192,8.00675673597766,1,1,FullD0Window
B,347.601122136824,0.645033207630263,29.7652527990706,5.98418416768774,7.85912554749979,1,0,FullD0Window
B,349.680350572417,0.417464675987731,21.9976287592354,6.40812928503342,7.80005856318706,1,0,FullD0Window
B,351.604974384768,0.234868330267091,10.8348964301195,6.26419296713767,7.9272051025676,1,0,FullD0Window
B,353.494478231705,0.104996105195482,5.39221984578851,5.64409828322537,8.09780866002393,1,1,FullD0Window
B,355.460247684324,0.0278887144344253,5.41747036818642,5.15650577794339,8.17721385849001,1,0,FullD0Window
B,357.480409135604,0,7.27234877266782,4.89154935433637,8.16395843980808,1,0,FullD0Window
B,359.532179487336,0.0156659057356592,12.1583051018792,4.65787317367176,8.06667083622858,1,0,FullD0Window
B,361.592286891729,0.0698588238828961,17.5771462050662,4.11266857210408,7.96329440991002,1,1,FullD0Window
B,363.637461542814,0.164183293825431,21.2684717877737,3.23234525049455,7.90874050953471,1,0,FullD0Window
B,365.644367575412,0.296183356246161,22.678387460263,2.30380920518591,7.93166039789389,1,0,FullD0Window
B,367.598850323564,0.461118755367465,19.5851861822926,1.48706427222638,8.0394245670314,1,0,FullD0Window
B,369.555581301639,0.656228326519681,13.3596734123738,0.937403975113205,8.16166680754134,1,1,FullD0Window
B,371.546202052348,0.873784513183296,8.27890556722724,0.747333249882219,8.24613771134835,1,0,FullD0Window
B,373.576027973306,1.10057884148705,5.1223761415439,0.699967590036988,8.26579316051146,1,0,FullD0Window
B,375.638274890596,1.33739172803746,3.49352255091583,0.556038467174566,8.21712862012652,1,0,FullD0Window
B,377.71724810918,1.58328487720792,3.84259911619733,0.378422214235645,8.15237567569852,1,1,FullD0Window
B,379.792339763697,1.83506139177916,4.25651961315585,0.25233196968534,8.09725019408876,1,0,FullD0Window
B,381.841821133818,2.08941114972731,3.92737924272673,0.249148537285741,8.0692336812416,1,0,FullD0Window
B,383.855403510722,2.34322229389045,4.86211544898231,0.40491268219569,8.07332618422532,1,0,FullD0Window
B,385.869623784878,2.59748808228233,3.86116347957717,0.651995915744418,8.06990564194905,1,1,FullD0Window
B,387.889589957785,2.85262886042028,3.28878036434904,0.915994566837711,8.07965049851202,1,0,FullD0Window
B,389.911054815059,3.10711423385533,3.71214753447419,1.12146483184121,8.10990465771891,1,0,FullD0Window
B,391.928729694947,3.356297336171,4.46233572366149,1.15154371909883,8.14365815669817,1,0,FullD0Window
B,393.939529426827,3.59591296744691,7.45180400928089,1.0131863603261,8.16424120069752,1,1,FullD0Window
B,395.969240456297,3.82922012829738,12.6049062837439,0.874794086069257,8.13408321947958,1,0,FullD0Window
B,398.020959472778,4.05507457504632,18.0764380867687,0.876747255414354,8.05076031835148,1,0,FullD0Window
B,400.072387851646,4.26976522802761,19.5979365247407,0.957124447360025,7.9905939451603,1,0,FullD0Window
B,402.103770627525,4.47325583466704,17.1837582619691,1.03338857622853,8.02990007107269,1,1,FullD0Window
B,404.103323675777,4.67217174195935,12.8591920216439,1.14262071710158,8.11104777385754,1,0,FullD0Window
B,406.07171979113,4.86499341637875,11.9111660572684,1.27330753403341,8.15781672972957,1,0,FullD0Window
B,408.062981796806,5.04903531644891,22.4255075907096,1.21026304935683,8.04374128920972,1,0,FullD0Window
B,410.133670698598,5.22475052301036,35.8194414617663,1.10137914488249,7.82131333053496,1,1,FullD0Window
B,412.214371449634,5.39295206983411,41.4436929337313,1.26382443112328,7.85099747639288,1,0,FullD0Window
B,414.229536520859,5.55596089261633,41.0958350617527,1.34298059411498,7.97118036526297,1,0,FullD0Window
B,416.106723086016,5.72430776144313,32.9765426006336,1.15460649677428,8.08685768756442,1,0,FullD0Window
B,417.954984029133,5.89791616863852,16.7945651316323,1.14002583338149,8.25085395437696,1,1,FullD0Window
B,420.065368926027,6.07665868975994,7.88073620809138,1.00953010514954,8.16515060744211,1,0,FullD0Window
B,422.200716886122,6.26089012628404,7.55924075351972,0.826210817019204,8.0526054416539,1,0,FullD0Window
B,424.19358077358,6.45113749788948,7.84506222273812,0.525342362560647,8.06529401574892,1,0,FullD0Window
B,426.20583798351,6.64952787166612,6.4870302822101,0.425775770726835,8.05273004176854,1,1,FullD0Window
B,428.230519533469,6.85447784992959,5.66822493415324,0.462081181700971,8.03155978936121,1,0,FullD0Window
B,430.253322327776,7.06331095283474,5.27521040756838,0.586896296617024,8.01561423009912,1,0,FullD0Window
B,432.258874789329,7.27473700987389,4.77028210276861,0.6523059779643,8.01988796249805,1,0,FullD0Window
B,434.258568025278,7.4874738486144,3.78966740314673,0.694188440293809,8.03262986655562,1,1,FullD0Window
B,436.262079322831,7.70111932910254,2.6430243752044,0.719743632568794,8.04422661380192,1,0,FullD0Window
B,438.268936557875,7.90771656586469,1.71916384939071,0.693971530341992,8.05411887517465,1,0,FullD0Window
B,440.278762751827,8.10503646143616,1.27869650904241,0.771574543470226,8.0619560956132,1,0,FullD0Window
B,442.291197891834,8.29524430499987,1.34594175191893,1.09689636173772,8.06741174510239,1,1,FullD0Window
B,444.306305936633,8.48852027874261,1.90213940046857,1.43897269345952,8.06977839183992,1,0,FullD0Window
B,446.32305543305,8.68551970583383,2.61279274113042,1.67427721174977,8.06966864161922,1,0,FullD0Window
B,448.34071884744,8.8905584320371,2.84314763316829,1.7019257575444,8.06858590343433,1,0,FullD0Window
B,450.358609636936,9.10740697657786,3.45986556706994,1.63870068862693,8.07793852450527,1,1,FullD0Window
B,452.376084328473,9.33819378738224,4.9241166701523,1.46804907040539,8.08800621279659,1,0,FullD0Window
B,454.392724074669,9.584209338346,6.18765734266952,1.14052348058616,8.08329791102824,1,0,FullD0Window
B,456.409304750875,9.84637704539853,8.48459407915752,0.902206716593328,8.12438055967169,1,0,FullD0Window
B,458.436548161441,10.1174570431427,14.7076632895847,0.827444553310254,8.21744393709866,1,1,FullD0Window
B,460.464090541269,10.4003746914635,23.9252102434841,0.840234316548758,8.204246501787,1,0,FullD0Window
B,462.476021985697,10.6931853542767,30.3327732770072,1.15047917515271,8.07207220513658,1,0,FullD0Window
B,464.533685310546,10.9897949078875,34.6217158963393,1.41429336976859,8.0395456864253,1,0,FullD0Window
B,466.65399209854,11.2901664025263,37.9300405449668,1.37975543055484,8.01502858727991,1,1,FullD0Window
B,468.668337043056,11.5858405720327,35.4265429961596,1.15944720355323,8.04376438481273,1,0,FullD0Window
B,470.548094190834,11.8740638617348,31.2176625185261,1.14269958656273,8.27204574577337,1,0,FullD0Window
B,472.573230996972,12.1556378746814,32.9218302143521,1.07463254894225,8.50187679047116,1,0,FullD0Window
B,474.66902068582,12.4323318753781,46.3688359807834,2.32995696307864,8.40912327818489,1,1,FullD0Window
B,476.712101427869,12.708814664482,66.5314030473876,3.10980244177769,6.36604253613604,1,0,FullD0Window
B,478.820139936607,12.9868721899853,77.3641573853872,3.40296241522021,4.25800402739759,1,0,FullD0Window
B,481.075107787443,13.2656589996494,80.1702688651279,3.55501938896974,3.59778385346937,1,0,FullD0Window
B,483.078143964005,13.5465619420376,69.1995105942668,2.5283757149707,1.59474767690716,1,1,FullD0Window
B,484.672891640912,13.8310387517794,41.1847502151975,2.55284351594837,8.23202385137444,1,1,FullD0Window
B,486.901494202147,14.1098075841286,20.0650631498048,1.91781338097044,8.05163485630499,1,0,FullD0Window
B,488.872274103518,14.3772775036098,7.49037601508897,2.33032613628858,8.10988978679001,1,0,FullD0Window
B,490.867408002385,14.6305651453617,5.09357395215904,2.29262274742015,8.12121273931984,1,0,FullD0Window
B,492.904915492286,14.8672339180644,4.81987250840742,2.27468130970962,6.0837052494179,1,0,FullD0Window
B,494.953129058452,15.0860581384309,3.43625835555523,2.18726335758785,6.04048138023296,1,0,FullD0Window
B,496.982163890308,15.2869646236228,NaN,NaN,4.01144654837753,0,0,RoadEndExcluded
B,498.988620741704,15.4691246721661,NaN,NaN,4.00883744600691,0,0,RoadEndExcluded
B,500.993610438685,15.6318789286272,NaN,NaN,4.00695975880484,0,0,RoadEndExcluded
B,502.997458187711,15.7742029336507,NaN,NaN,2.00311200977887,0,0,RoadEndExcluded
B,505.00057019749,15.899879001654,NaN,NaN,0,0,0,RoadEndExcluded
C,0,0,40.4672481353438,0.976670433961682,4.09852303577455,1,1,FullD0Window
C,2.10510236785173,0.128868729908731,43.4032077238649,1.04370327662086,3.8572181710324,1,0,FullD0Window
C,4.09852303577455,0.25742580447104,41.3602572241177,0.860526172826785,5.89156795803089,1,1,FullD0Window
C,5.96232053888414,0.38708790553278,30.0651059663142,0.754370393283694,6.1841268455157,1,0,FullD0Window
C,7.86470508277093,0.516536707882096,12.1053809512338,0.534099136270595,6.27886889025799,1,0,FullD0Window
C,9.99009099380544,0.644857399320017,4.25046231965684,1.05388849930025,8.13940129865265,1,1,FullD0Window
C,12.1464473843998,0.771345702260874,5.26223431373668,2.87830754650459,7.98890553943988,1,0,FullD0Window
C,14.1435739730289,0.895382653566003,4.82168435172538,3.71973601770011,8.01547863268004,1,0,FullD0Window
C,16.1317404664148,1.01648603148305,4.8158218856365,3.6719186625897,8.05588771155082,1,0,FullD0Window
C,18.1294922924581,1.13427956555893,4.49974555502688,3.61675499861823,8.08963782660599,1,1,FullD0Window
C,20.1353529238397,1.24843980378103,4.20455335490075,1.97181024688307,8.11618440845092,1,0,FullD0Window
C,22.159052605709,1.4892011063622,3.93270731153489,0.327663508422577,8.12353036023867,1,0,FullD0Window
C,24.1876281779656,1.72948188578789,3.67762891933334,0.410973775992382,8.12233703182708,1,0,FullD0Window
C,26.2191301190641,1.9684927818231,3.4374869177277,0.467513873485376,8.11230434366539,1,1,FullD0Window
C,28.2515373322906,2.20574789278339,3.26012044197917,0.494805761237324,8.09324270377807,1,0,FullD0Window
C,30.2825829659476,2.43947393372355,3.53771159371808,0.513558880624414,8.06505521341919,1,0,FullD0Window
C,32.3099652097927,2.66830463419456,4.57141720063847,0.562161845768694,8.02989971911408,1,0,FullD0Window
C,34.3314344627295,2.89200380759189,5.76173205071915,0.663461577255294,8.00658051944521,1,1,FullD0Window
C,36.3447800360687,3.1113586387371,6.52421545340893,0.822233012963503,8.00120441832107,1,0,FullD0Window
C,38.3476381793668,3.32638966298373,6.6846121863642,0.996850384641512,8.01462068847662,1,0,FullD0Window
C,40.3398649289068,3.53603194469633,5.55467633276879,1.09062413238344,8.04410552692335,1,0,FullD0Window
C,42.3380149821747,3.73989577478005,3.73253216663531,1.06335864006968,8.06961671782205,1,1,FullD0Window
C,44.3459844543898,3.93759749319133,2.7066960928444,0.953425940492706,8.08377329832729,1,0,FullD0Window
C,46.3622588678434,4.12720719230958,2.75322259557736,0.779311029130693,8.08435287626821,1,0,FullD0Window
C,48.3839704558301,4.30674437891014,3.88359065084367,0.541071321812615,8.07114839350658,1,0,FullD0Window
C,50.4076316999967,4.47662434585732,5.97593538006017,0.364723232189695,8.04579346561983,1,1,FullD0Window
C,52.4297577527171,4.64165264141809,7.71724811334286,0.27176613959113,8.01195584699736,1,0,FullD0Window
C,54.4466117441116,4.80201353314419,8.56119879533815,0.196453608356189,7.98725279990191,1,0,FullD0Window
C,56.4551188493367,4.95798429694378,8.67620538673578,0.181630068454714,7.98841793816156,1,0,FullD0Window
C,58.4534251656166,5.11047127509039,8.24577227833298,0.242475715951012,8.00858933150911,1,1,FullD0Window
C,60.4417135997144,5.26460833671479,7.57589342519446,0.210004049155395,8.03898682344659,1,0,FullD0Window
C,62.4338645440135,5.42077023740524,7.38218646085598,0.210084004318504,8.05720324963934,1,0,FullD0Window
C,64.4435367874983,5.57702947040434,7.70543393018275,0.149193614345602,8.04131952225197,1,0,FullD0Window
C,66.4620144971257,5.73032014210639,7.94574335246924,0.0739133422258826,8.01445105407909,1,1,FullD0Window
C,68.480700423161,5.88136502513316,7.80411795098808,0.0452357252337409,7.99803209170175,1,0,FullD0Window
C,70.4910677936529,6.03085378023457,7.1960025556153,0.080339141013293,7.99809726712611,1,0,FullD0Window
C,72.4848563097502,6.17944269222471,5.99849452413741,0.146168967720037,8.01921294754642,1,0,FullD0Window
C,74.4764655512048,6.32776850728851,4.4574416335033,0.228374275987019,8.04255287813758,1,1,FullD0Window
C,76.4787325148628,6.47589784557215,3.44902358334066,0.34260726864708,8.0503748181861,1,0,FullD0Window
C,78.489165060779,6.62555996076253,3.39251413219855,0.430231780013525,8.04523499322775,1,0,FullD0Window
C,80.5040692572966,6.77694465719208,3.73809452436562,0.503876818762153,8.04328082217214,1,0,FullD0Window
C,82.5190184293424,6.9307970056858,4.01871240573472,0.525541404469591,8.04830120487439,1,1,FullD0Window
C,84.5291073330489,7.08786115680584,3.94035972609359,0.464052015931877,8.06243980141926,1,0,FullD0Window
C,86.5344000540068,7.24886650404801,3.13143742233276,0.371420928473669,8.08182191475595,1,0,FullD0Window
C,88.5473500794688,7.41441527106883,2.38083537970317,0.278701960183552,8.09034484968889,1,0,FullD0Window
C,90.5673196342167,7.5852256062559,2.56186709084526,0.179791258725907,8.08517921243322,1,1,FullD0Window
C,92.5915471344681,7.76124268673721,3.74252365220305,0.176771789250667,8.06617580662247,1,0,FullD0Window
C,94.6162219687627,7.93791328528562,5.93591514282022,0.251971838575156,8.03491129322104,1,0,FullD0Window
C,96.6376949291577,8.11525598875176,8.10972057828412,0.308902057175185,7.99480353162473,1,0,FullD0Window
C,98.65249884665,8.29322324339103,9.77576714464523,0.377448634746626,7.95554090677516,1,1,FullD0Window
C,100.657722941091,8.47113707950052,10.524797811329,0.424006021260492,7.94305934012279,1,0,FullD0Window
C,102.651133261984,8.64404270553894,10.2611090081524,0.382540463317078,7.95885811325124,1,0,FullD0Window
C,104.632498460782,8.81245181134761,9.02309524335744,0.328313650094809,7.99721985843668,1,0,FullD0Window
C,106.608039753425,8.97806826901797,7.10382127307295,0.281172228387731,8.0445287360113,1,1,FullD0Window
C,108.600782281213,9.14131537800301,5.16321551330319,0.256177022930106,8.06948164050903,1,0,FullD0Window
C,110.609991375235,9.3026034963716,3.72479661807185,0.233115575880024,8.06471474422301,1,0,FullD0Window
C,112.629718319219,9.46235194551571,2.95860981687022,0.220792277323153,8.05058777079539,1,0,FullD0Window
C,114.652568489436,9.62110745481311,2.82572525611473,0.261683107884528,8.03987650730592,1,1,FullD0Window
C,116.670263921722,9.78123230162805,3.27653334898449,0.247814074682003,8.03709279681044,1,0,FullD0Window
C,118.674706119458,9.94418329886059,4.03602024679769,0.260802965770851,8.04682979601836,1,0,FullD0Window
C,120.680306090014,10.1086329541338,4.8217260523136,0.331758455497832,8.05148193706277,1,0,FullD0Window
C,122.692444996742,10.2748382005412,5.93598847912941,0.40338365074611,8.04280750245171,1,1,FullD0Window
C,124.707356718533,10.4429180281027,7.42761873640335,0.441484474564982,8.02409175486646,1,0,FullD0Window
C,126.721535915476,10.6132337565945,8.34045404321928,0.440265928153431,8.01612592221403,1,0,FullD0Window
C,128.731788027077,10.7863931114774,7.93355217228717,0.422100169006173,8.02414812264212,1,0,FullD0Window
C,130.735252499194,10.9628841439761,7.01169483173223,0.41511250775055,8.04406744815472,1,1,FullD0Window
C,132.731448473399,11.1429108801107,6.30768390703915,0.448548532802053,8.06756674394353,1,0,FullD0Window
C,134.73766183769,11.3269826484036,6.23927242005974,0.501641291271413,8.06953487911477,1,0,FullD0Window
C,136.755936149719,11.5146520113526,6.8701248330181,0.493127317706454,8.04400606756272,1,0,FullD0Window
C,138.779319947349,11.7055561529164,8.01052493244551,0.429773946641627,8.0347336638626,1,1,FullD0Window
C,140.799015217343,11.9000224897218,8.52833112003604,0.335006174066233,8.06983600472495,1,0,FullD0Window
C,142.807196716805,12.0984125030539,8.62127843252551,0.225240650155296,8.12665076004859,1,0,FullD0Window
C,144.799942217282,12.3010268947166,9.44076285281943,0.216593428801375,8.18123723498363,1,0,FullD0Window
C,146.814053611211,12.5073383431753,12.5178631145413,0.280158754259952,8.17336861946296,1,1,FullD0Window
C,148.868851222068,12.7149585300358,16.2627641080657,0.366732211943051,8.06700293807125,1,0,FullD0Window
C,150.933847476854,12.9231911982722,18.0489239252078,0.664126950271173,7.92756194354047,1,0,FullD0Window
C,152.981179452266,13.1315013816446,17.9625885566143,0.913965255925715,7.86919290647953,1,0,FullD0Window
C,154.987422230674,13.3395232334265,16.4468115753503,1.08047602325124,7.89762428241096,1,1,FullD0Window
C,156.935854160139,13.5456550426021,13.8996763775189,1.32667679725939,8.00657497130905,1,0,FullD0Window
C,158.861409420394,13.7471646467311,12.0649513834838,1.35416086831818,8.13720023001318,1,0,FullD0Window
C,160.850372358745,13.9416164179873,11.6505423669807,1.26460302409076,8.17935348110285,1,0,FullD0Window
C,162.885046513085,14.1287917019387,11.629162896227,1.30167919347339,8.12777553771608,1,1,FullD0Window
C,164.942429131448,14.3086613278178,11.4351423401078,1.40536636301443,8.04999154375005,1,0,FullD0Window
C,166.998609650407,14.4773200742513,10.7494121812886,1.49083918241806,8.00481584409431,1,0,FullD0Window
C,169.029725839848,14.6338800551483,9.50214721394241,1.53394522024406,8.01122832868398,1,0,FullD0Window
C,171.012822050801,14.7782302874383,7.68575501762933,1.43994911681614,8.08591531137918,1,1,FullD0Window
C,172.992420675198,14.9105835553542,5.65879594954936,1.18632955232864,8.17700933833606,1,0,FullD0Window
C,175.003425494502,15.0314930166363,3.80581088830587,0.840736930835237,8.24143720497665,1,0,FullD0Window
C,177.040954168532,15.139893162738,2.449536814748,0.501595316518896,8.27546227374509,1,0,FullD0Window
C,179.098737362181,15.2378847463673,1.96485762170592,0.300439660508376,8.27661804409456,1,1,FullD0Window
C,181.169430013534,15.3293950800294,2.3726519664941,0.276967652285961,8.24373955403749,1,0,FullD0Window
C,183.244862699478,15.4173296152768,3.71933073373175,0.417144053636544,8.1771122187165,1,0,FullD0Window
C,185.316416442277,15.5038186614479,5.88528353380228,0.691809025805822,8.07843513180072,1,0,FullD0Window
C,187.375355406275,15.5902787041745,8.42094083964662,1.00573615700358,7.95090906409757,1,1,FullD0Window
C,189.413169567572,15.6778986635961,13.0178912888519,1.21015370342145,7.79941788787022,1,0,FullD0Window
C,191.421974918195,15.7689915137697,19.5487793954032,1.13531083281453,7.63933988134167,1,0,FullD0Window
C,193.394851574078,15.8657975073888,24.6325612017666,0.956169684476343,7.63849119294926,1,0,FullD0Window
C,195.326264470373,15.9698917133583,27.7071695334022,0.851679575960596,7.80131208411063,1,1,FullD0Window
C,197.212587455442,16.0821611662204,29.6931820619528,0.880362581846089,8.0230449575389,1,0,FullD0Window
C,199.061314799537,16.2041065064174,29.1841052927696,1.08669457076546,8.1735461699557,1,0,FullD0Window
C,201.033342767027,16.3360543222199,27.3326598299412,1.32008903840882,8.08042484405206,1,0,FullD0Window
C,203.127576554483,16.4764488753731,25.4530540125255,1.33549204703425,7.93178239572833,1,1,FullD0Window
C,205.235632412981,16.6242332122933,22.6673950894931,1.16392934452592,7.83947021206063,1,0,FullD0Window
C,207.234860969492,16.7789625622694,17.8554028232176,0.822035681770082,7.90762210618988,1,0,FullD0Window
C,209.113767611079,16.9444409142753,11.8549758274682,0.679035195254307,8.12072837634571,1,0,FullD0Window
C,211.059358950212,17.1198240293459,8.09356352282679,0.880905523238465,8.26187323861359,1,1,FullD0Window
C,213.075102625041,17.3047685936248,8.11991601970269,1.11342395733689,8.29923764078225,1,0,FullD0Window
C,215.142483075682,17.4981759000135,11.4051645603015,1.22590749645413,8.22960027153653,1,0,FullD0Window
C,217.234495987425,17.699877967841,16.0194362908067,1.10578389213476,8.08124497184562,1,0,FullD0Window
C,219.321232188825,17.9111646912841,18.219378539465,0.882646605757845,7.95538741733071,1,1,FullD0Window
C,221.374340265824,18.131243798401,17.8382416455239,0.642178015854786,7.89347849619236,1,0,FullD0Window
C,223.372083347219,18.3572154722218,15.0154840548082,0.440137079816808,7.9138123371072,1,0,FullD0Window
C,225.315740959271,18.5859108384188,11.3690736524978,0.431436893842517,8.00876733401134,1,0,FullD0Window
C,227.276619606156,18.815591965125,8.48974874968052,0.462342708739756,8.09865979831864,1,1,FullD0Window
C,229.267818762016,19.0454103723281,6.00301630868746,0.432698035048907,8.16052746690488,1,0,FullD0Window
C,231.285895684326,19.2749874857507,3.81037880371753,0.377422132287461,8.18728801903157,1,0,FullD0Window
C,233.324508293282,19.5030549409692,2.36608635927789,0.354683232337345,8.17428802801243,1,0,FullD0Window
C,235.375279404475,19.7286111074388,2.06249305843317,0.401828712519448,8.12789038838648,1,1,FullD0Window
C,237.428346228921,19.9502520289558,2.47703108116294,0.549641317517478,8.08060575491476,1,0,FullD0Window
C,239.473183703357,20.1687765530341,3.07279619258848,0.843947029780759,8.04459832220081,1,0,FullD0Window
C,241.498796321294,20.3844041454632,3.42951441421713,1.18243773946331,8.02961829349513,1,0,FullD0Window
C,243.503169792861,20.5947755076976,2.96028587355311,1.42299247900134,8.0363424610351,1,1,FullD0Window
C,245.508951983836,20.7991620571612,2.10449262754647,1.5575785310155,8.04088651467157,1,0,FullD0Window
C,247.517782025558,20.9966143143968,2.42589027064684,1.5759674034691,8.04025657344241,1,0,FullD0Window
C,249.528414614789,21.1817157684579,3.54420405680717,1.48709626303412,8.03948380324982,1,0,FullD0Window
C,251.539512253896,21.3522351009158,4.98907981453044,1.35055040047533,8.07523776845724,1,1,FullD0Window
C,253.549838498507,21.5098491320982,8.77529914001468,1.19527711446483,8.11078110611237,1,0,FullD0Window
C,255.558038599001,21.6556092491685,15.6159183692663,1.1160593881098,8.09402663288205,1,0,FullD0Window
C,257.567898418039,21.7921178447815,21.3753849866925,1.10765774126277,8.00406015017325,1,0,FullD0Window
C,259.614750022353,21.9191586960684,24.86813943147,1.09587025940613,7.91002684462882,1,1,FullD0Window
C,261.66061960462,22.0365777866696,24.9443517223355,1.121940596372,7.878814760625,1,0,FullD0Window
C,263.652065231883,22.1452948681742,19.739717677495,1.14513359223794,7.93862714745723,1,0,FullD0Window
C,265.571958568212,22.2430893213565,13.4533225022119,1.06003730616948,8.07206143444517,1,0,FullD0Window
C,267.524776866982,22.3321503652606,11.553666783533,0.92002164527751,8.14040766687498,1,1,FullD0Window
C,269.539434365245,22.4137675105101,14.5312694173608,0.82585396909043,8.09034378309588,1,0,FullD0Window
C,271.59069237934,22.4887822364636,19.544373883737,0.760597261070133,8.00594981813089,1,0,FullD0Window
C,273.644020002658,22.5564382819002,22.9701473968039,0.639012587590463,7.98214024863915,1,0,FullD0Window
C,275.665184533857,22.6162127464347,23.4970875167042,0.496989713142472,7.99298613663893,1,1,FullD0Window
C,277.629778148341,22.6687506400098,21.6513890537012,0.398040686992195,8.00490783369628,1,0,FullD0Window
C,279.596642197471,22.716036365312,18.7467654783329,0.366114905532573,8.03619598858313,1,0,FullD0Window
C,281.626160251297,22.7588033050602,16.3637465711048,0.503349868440418,8.02923421791445,1,0,FullD0Window
C,283.658170670496,22.7986178761786,14.3717638252516,0.823328357407407,8.00795573016399,1,1,FullD0Window
C,285.634685982037,22.8385908769733,12.1311692883597,1.10565238435656,8.02708961627718,1,0,FullD0Window
C,287.632838186054,22.8807225499319,10.6609983955259,1.33476359598664,8.05148538142606,1,0,FullD0Window
C,289.655394469211,22.9270600221561,11.5149413372659,1.41478089127256,8.05040870887001,1,0,FullD0Window
C,291.66612640066,22.9834751023836,14.3652442014014,1.27899934308466,8.03624372534347,1,1,FullD0Window
C,293.661775598314,23.0524358058392,16.7518449590388,1.05229597498227,8.01519352413072,1,0,FullD0Window
C,295.68432356748,23.1335532410526,16.1232242359591,0.865658436050204,8.00229533260364,1,0,FullD0Window
C,297.705803178081,23.225590967374,13.2419398666515,0.72454690016061,7.99396985177509,1,0,FullD0Window
C,299.702370126004,23.3268739190995,9.11685464954231,0.6268021031717,8.00419033720794,1,1,FullD0Window
C,301.676969122445,23.4335171730187,4.52653668637097,0.599995130916961,8.04238840959488,1,0,FullD0Window
C,303.686618900084,23.5452718797833,2.34341679657536,0.59939986265064,8.05100536703435,1,0,FullD0Window
C,305.699773029856,23.6611594229163,2.58388884834021,0.541520654918138,8.06097465342395,1,0,FullD0Window
C,307.706560463212,23.7836374948525,2.01987569960309,0.472277477885529,8.0815131423164,1,1,FullD0Window
C,309.71935753204,23.9114310884173,1.6169486547278,0.436515727227166,8.09956710027677,1,0,FullD0Window
C,311.737624267118,24.0435064803758,1.21971644171601,0.386957320762251,8.11486769978194,1,0,FullD0Window
C,313.76074768328,24.1792364286722,0.837115811450056,0.354323117429432,8.12715235394921,1,0,FullD0Window
C,315.788073605528,24.3185824509075,0.544864456754214,0.407139932269898,8.13602769821176,1,1,FullD0Window
C,317.818924632316,24.4620749097551,0.428952997403026,0.507860084515353,8.1408545342527,1,0,FullD0Window
C,319.8524919669,24.6090551267143,0.489529395742965,0.612693783377796,8.14166062305537,1,0,FullD0Window
C,321.88790003723,24.7584561300298,0.727121142349416,0.754088180571539,8.13861248431709,1,0,FullD0Window
C,323.92410130374,24.9071828121533,1.11865494194995,0.783550929939537,8.13205538616421,1,1,FullD0Window
C,325.959779166569,25.0483380159452,1.51399762804795,0.700454086879695,8.12265038767697,1,0,FullD0Window
C,327.994152589955,25.1820629364208,1.91431170452478,0.611055742175482,8.11058522060625,1,0,FullD0Window
C,330.026512521547,25.3093121388714,2.32063261440634,0.524666667239738,8.09607259551234,1,0,FullD0Window
C,332.056156689904,25.4306806373622,2.73380894451357,0.417197231055487,8.07939987412846,1,1,FullD0Window
C,334.082429554246,25.5467604311832,3.15440959053732,0.314557413185478,8.0608953224023,1,0,FullD0Window
C,336.104737810562,25.6581404602855,3.5826716353219,0.265165295420551,8.04116743249892,1,0,FullD0Window
C,338.122585117059,25.765761677658,4.01851892676381,0.238097294428071,8.02066656844988,1,0,FullD0Window
C,340.135556564032,25.8703455239807,4.46143704379667,0.22298346497599,7.99989832107718,1,1,FullD0Window
C,342.143324876648,25.972157446601,4.91036426213143,0.291197143970215,7.97945367430805,1,0,FullD0Window
C,344.14590524306,26.0756733311055,5.36374535832848,0.327224096943191,7.95982460921874,1,0,FullD0Window
C,346.143251685509,26.1812596991762,5.81923923116972,0.367826085480064,7.94183849667144,1,0,FullD0Window
C,348.13545488511,26.2887510892953,6.27375764880342,0.414846648876567,7.92631560710146,1,1,FullD0Window
C,350.122778550956,26.3978392677253,6.70761680690976,0.448584479518005,7.91420394292567,1,0,FullD0Window
C,352.105729852279,26.5090321079919,6.84118049376831,0.42849982641767,7.90641260447148,1,0,FullD0Window
C,354.08509018218,26.6238172417075,6.32584706536301,0.374741475003312,7.90455927035646,1,0,FullD0Window
C,356.061770492211,26.7418306269961,5.25931126633786,0.362009417484675,7.91834597549223,1,1,FullD0Window
C,358.036982493882,26.8635933322698,3.88643672982974,0.421724758575356,7.94603326926688,1,0,FullD0Window
C,360.012142456751,26.9886627643189,2.30707925429284,0.50987794648164,7.98183331942226,1,0,FullD0Window
C,361.989649452537,27.1164560482745,1.11524434640516,0.578910863630702,8.01854702452437,1,0,FullD0Window
C,363.980116467703,27.2462989287673,0.582305544732455,0.590783303094195,8.04060523028392,1,1,FullD0Window
C,365.983015763149,27.379028689814,0.367719991579633,0.483796085315495,8.04533955667296,1,0,FullD0Window
C,367.993975776173,27.5194600869845,0.340488608744547,0.316469176187811,8.04478380007907,1,0,FullD0Window
C,370.008196477061,27.666752982163,0.389004360789276,0.176716150526307,8.04355238439609,1,0,FullD0Window
C,372.020721697987,27.8183674159727,0.371345286627057,0.0906822142363583,8.04453543296501,1,1,FullD0Window
C,374.028355319822,27.9716580402859,0.546085872618066,0.0734800145633755,8.04889486329461,1,0,FullD0Window
C,376.038759576252,28.1247560415421,0.697489580668134,0.0514670806137212,8.0468310352133,1,0,FullD0Window
C,378.051748861457,28.2765454604507,1.08463655824891,0.0299610599464074,8.0364195094827,1,0,FullD0Window
C,380.065257130952,28.4276380531651,2.57010539471444,0.0414983519211485,8.01771447575436,1,1,FullD0Window
C,382.077250183116,28.5791686656141,5.8606924312792,0.0682332030327426,7.99118735019402,1,0,FullD0Window
C,384.085590611465,28.7306594102017,9.58439365144897,0.150567706186882,7.97091210952988,1,0,FullD0Window
C,386.08816837094,28.8814267316835,12.0045192624616,0.251310227525964,7.97269218922162,1,0,FullD0Window
C,388.082971606707,29.0311787854474,12.6953395709941,0.341471559613246,7.99692255639485,1,1,FullD0Window
C,390.06843753331,29.1799291314126,10.7736579536979,0.398552821823314,8.03570945523302,1,0,FullD0Window
C,392.056502720995,29.3277550590717,6.8502107385128,0.40401152675971,8.06409780235492,1,0,FullD0Window
C,394.060860560162,29.473898875903,3.64037502562393,0.366707245264242,8.06221367324395,1,0,FullD0Window
C,396.079894163101,29.616638518213,2.23664704515617,0.329293145291386,8.04562959135552,1,1,FullD0Window
C,398.104146988544,29.7561176907924,2.28369081520347,0.327705038045808,8.02500737580903,1,0,FullD0Window
C,400.12060052335,29.8925096456875,2.14661909222656,0.357992536414532,8.01315760059867,1,0,FullD0Window
C,402.123074233405,30.026051198485,2.31962256260112,0.369361183217119,8.0158983936995,1,0,FullD0Window
C,404.125523754457,30.1570417687935,1.92760243998081,0.326099113567598,8.01890851122988,1,1,FullD0Window
C,406.129154364353,30.2853398987912,1.45866011361658,0.280983755939905,8.020644656027,1,0,FullD0Window
C,408.133758123949,30.4108974354077,0.999313081199212,0.263367482347518,8.02093095995252,1,0,FullD0Window
C,410.138972627105,30.532897300163,0.602632380529435,0.250842762343007,8.01966367804886,1,0,FullD0Window
C,412.144432265687,30.6518770499425,0.338554857134127,0.254575332427579,8.01722560295877,1,1,FullD0Window
C,414.14979902038,30.7700396686732,0.213843905833377,0.275794817671699,8.01563399382883,1,0,FullD0Window
C,416.154689083901,30.8896599337393,0.207874356433507,0.239202269848805,8.01526645756149,1,0,FullD0Window
C,418.158636305154,31.0120350525862,0.300678966892863,0.182755659239368,8.01648375929403,1,0,FullD0Window
C,420.161657868646,31.1376382476706,0.399633147358838,0.140206678430335,8.01916763673017,1,1,FullD0Window
C,422.165433014208,31.2653755306128,0.458562811027037,0.135488019757933,8.02153488141965,1,0,FullD0Window
C,424.169955541463,31.3938208300824,0.51213302356095,0.141426598305929,8.02347650717644,1,0,FullD0Window
C,426.175120064448,31.5231726487351,0.565779602863677,0.127940058526107,8.02498737554026,1,0,FullD0Window
C,428.180825505376,31.6536623325032,0.619531038306298,0.101704649069788,8.02600273363925,1,1,FullD0Window
C,430.186967895628,31.7854382397973,0.673412783321092,0.071468730545891,8.02652051363344,1,0,FullD0Window
C,432.193432048639,31.9184385509722,0.727449019254427,0.0419943920628579,8.0265558751907,1,0,FullD0Window
C,434.200107439988,32.0526322985917,0.781664211089583,0.0324372643733929,8.02610104540264,1,0,FullD0Window
C,436.206828239015,32.1871224663198,0.83607588109957,0.0411882205518602,8.0252075909541,1,1,FullD0Window
C,438.213488409261,32.3218628984108,0.890703126783244,0.0483196839014722,8.02387083423037,1,0,FullD0Window
C,440.21998792383,32.4568449345051,0.94556224598951,0.0524486803103853,8.02213038628105,1,0,FullD0Window
C,442.226208485391,32.5917324635117,1.00066321937307,0.0476716230949899,8.02002600414312,1,0,FullD0Window
C,444.232035829969,32.7261886105649,1.0560147770184,0.0379759751551004,8.01765024711023,1,1,FullD0Window
C,446.237359243492,32.8598618987228,1.11162877524103,0.0391055040820636,8.01501484625896,1,0,FullD0Window
C,448.242118310111,32.9930844303193,1.16619174807369,0.0590265202629842,8.01208558977845,1,0,FullD0Window
C,450.246234489534,33.1258446202652,1.20485721522309,0.106930003642655,8.00885032026042,1,0,FullD0Window
C,452.249686077079,33.2589110721071,1.21681638724617,0.178613709088923,8.00557467542262,1,1,FullD0Window
C,454.252374089751,33.3918054357392,1.22622120855891,0.272519756799767,8.00568071742526,1,0,FullD0Window
C,456.254203899889,33.5240271598831,1.25958306159569,0.380094301175915,8.00940607622312,1,0,FullD0Window
C,458.255084809794,33.6550366921216,1.32501359331639,0.501630990682129,8.01590816614976,1,0,FullD0Window
C,460.255260752502,33.7844609180939,1.45031234164129,0.61999551705109,8.0240148407774,1,1,FullD0Window
C,462.258054807176,33.9114497126027,1.62974376618023,0.713204244032331,8.02955281196409,1,0,FullD0Window
C,464.263609976113,34.0348732924173,1.82195992565037,0.777703973533231,8.03158281906246,1,0,FullD0Window
C,466.270992975944,34.1538500645339,2.01735370465852,0.801153472528334,8.03028969693889,1,0,FullD0Window
C,468.279275593279,34.2670620207359,2.21649687082341,0.778614730703356,8.02590094790293,1,1,FullD0Window
C,470.28760761914,34.3739345698079,2.41993390452547,0.727323335428225,8.01864144425332,1,0,FullD0Window
C,472.295192795175,34.4742496173717,2.70581302786563,0.653620990170918,8.00869352256188,1,0,FullD0Window
C,474.301282672883,34.5680289623841,3.36617609866154,0.554571413927841,7.99624916098344,1,0,FullD0Window
C,476.305176541182,34.6555133938498,4.43414499840401,0.440268176107483,7.98359744074554,1,1,FullD0Window
C,478.306249063393,34.7378025257345,5.39137896942961,0.317104771818552,7.97900713121288,1,0,FullD0Window
C,480.303886317737,34.81530450612,5.89226363737552,0.211097480235367,7.98412937422586,1,0,FullD0Window
C,482.297531833866,34.8886770997165,5.76644480960675,0.158713730137503,7.99873622242376,1,0,FullD0Window
C,484.288773981928,34.9591326022482,4.60266270174376,0.164382786888407,6.0074940743624,1,1,FullD0Window
C,486.285256194606,35.0281013473187,3.05955657769473,0.229726735456969,6.02308881979604,1,0,FullD0Window
C,488.288015691963,35.0969408887557,2.21203529320548,0.35031899449153,6.03400186248308,1,0,FullD0Window
C,490.29626805629,35.166569723286,2.21303063877536,0.47744955622097,6.03854994532094,1,0,FullD0Window
C,492.308345014402,35.2379836998639,2.64004635933067,0.558047643286414,6.03603607736915,1,0,FullD0Window
C,494.322017554446,35.3120051615579,NaN,NaN,4.0223635373257,0,0,RoadEndExcluded
C,496.334818001611,35.3892615527359,NaN,NaN,4.01394269883161,0,0,RoadEndExcluded
C,498.344381091772,35.4707507196349,NaN,NaN,4.00236705530062,0,0,RoadEndExcluded
C,500.348760700443,35.5576525008719,NaN,NaN,1.99798744662945,0,0,RoadEndExcluded
C,502.346748147072,35.6510528555946,NaN,NaN,0,0,0,RoadEndExcluded
