road_id,short_id,road_class,source_feature_id,paper_road_id,representative_longitude_deg,representative_latitude_deg,coordinate_reference_system,google_maps_lookup_url,source_note
MORND-MAJ-001,M001,Major,1,,99.0678662210346,24.2462131527292,EPSG:4490 (CGCS2000 geographic),"https://www.google.com/maps/search/?api=1&query=24.24621315,99.06786622",Manually digitized with Google satellite imagery as reference
MORND-MAJ-002,M002,Major,2,A,99.0659983325898,24.2491631910777,EPSG:4490 (CGCS2000 geographic),"https://www.google.com/maps/search/?api=1&query=24.24916319,99.06599833",Manually digitized with Google satellite imagery as reference
MORND-MAJ-003,M003,Major,3,,99.060433369022,24.2457634415349,EPSG:4490 (CGCS2000 geographic),"https://www.google.com/maps/search/?api=1&query=24.24576344,99.06043337",Manually digitized with Google satellite imagery as reference
MORND-MAJ-004,M004,Major,4,,99.059663178326,24.2492708718471,EPSG:4490 (CGCS2000 geographic),"https://www.google.com/maps/search/?api=1&query=24.24927087,99.05966318",Manually digitized with Google satellite imagery as reference
MORND-MAJ-005,M005,Major,5,,99.0666194526509,24.2533820799495,EPSG:4490 (CGCS2000 geographic),"https://www.google.com/maps/search/?api=1&query=24.25338208,99.06661945",Manually digitized with Google satellite imagery as reference
MORND-MAJ-006,M006,Major,6,,99.0598530386363,24.2425968990369,EPSG:4490 (CGCS2000 geographic),"https://www.google.com/maps/search/?api=1&query=24.24259690,99.05985304",Manually digitized with Google satellite imagery as reference
MORND-MAJ-007,M007,Major,7,,99.0620490944242,24.2557406357567,EPSG:4490 (CGCS2000 geographic),"https://www.google.com/maps/search/?api=1&query=24.25574064,99.06204909",Manually digitized with Google satellite imagery as reference
MORND-MAJ-008,M008,Major,8,,99.0617708942783,24.2492274350455,EPSG:4490 (CGCS2000 geographic),"https://www.google.com/maps/search/?api=1&query=24.24922744,99.06177089",Manually digitized with Google satellite imagery as reference
MORND-MAJ-009,M009,Major,9,,99.0645107966201,24.2577135962826,EPSG:4490 (CGCS2000 geographic),"https://www.google.com/maps/search/?api=1&query=24.25771360,99.06451080",Manually digitized with Google satellite imagery as reference
MORND-FLD-001,F001,Field,1,,99.0685534094118,24.2499771262392,EPSG:4490 (CGCS2000 geographic),"https://www.google.com/maps/search/?api=1&query=24.24997713,99.06855341",Manually digitized with Google satellite imagery as reference
MORND-FLD-002,F002,Field,2,,99.0695787907596,24.2498284384352,EPSG:4490 (CGCS2000 geographic),"https://www.google.com/maps/search/?api=1&query=24.24982844,99.06957879",Manually digitized with Google satellite imagery as reference
MORND-FLD-003,F003,Field,3,,99.0707050666512,24.2493441293468,EPSG:4490 (CGCS2000 geographic),"https://www.google.com/maps/search/?api=1&query=24.24934413,99.07070507",Manually digitized with Google satellite imagery as reference
MORND-FLD-004,F004,Field,4,,99.0706826462055,24.2518987015672,EPSG:4490 (CGCS2000 geographic),"https://www.google.com/maps/search/?api=1&query=24.25189870,99.07068265",Manually digitized with Google satellite imagery as reference
MORND-FLD-005,F005,Field,5,,99.0679715833491,24.2477377719307,EPSG:4490 (CGCS2000 geographic),"https://www.google.com/maps/search/?api=1&query=24.24773777,99.06797158",Manually digitized with Google satellite imagery as reference
MORND-FLD-006,F006,Field,6,,99.0649661405107,24.2491637873403,EPSG:4490 (CGCS2000 geographic),"https://www.google.com/maps/search/?api=1&query=24.24916379,99.06496614",Manually digitized with Google satellite imagery as reference
MORND-FLD-007,F007,Field,7,,99.0694781759332,24.2547341222979,EPSG:4490 (CGCS2000 geographic),"https://www.google.com/maps/search/?api=1&query=24.25473412,99.06947818",Manually digitized with Google satellite imagery as reference
MORND-FLD-008,F008,Field,8,,99.0699126612706,24.2542406445157,EPSG:4490 (CGCS2000 geographic),"https://www.google.com/maps/search/?api=1&query=24.25424064,99.06991266",Manually digitized with Google satellite imagery as reference
MORND-FLD-009,F009,Field,9,,99.0694148872605,24.2531464721712,EPSG:4490 (CGCS2000 geographic),"https://www.google.com/maps/search/?api=1&query=24.25314647,99.06941489",Manually digitized with Google satellite imagery as reference
MORND-FLD-010,F010,Field,10,,99.0683493443233,24.2525889876725,EPSG:4490 (CGCS2000 geographic),"https://www.google.com/maps/search/?api=1&query=24.25258899,99.06834934",Manually digitized with Google satellite imagery as reference
MORND-FLD-011,F011,Field,11,,99.0635311483098,24.252298442949,EPSG:4490 (CGCS2000 geographic),"https://www.google.com/maps/search/?api=1&query=24.25229844,99.06353115",Manually digitized with Google satellite imagery as reference
MORND-FLD-012,F012,Field,12,,99.0655982039672,24.2522270009571,EPSG:4490 (CGCS2000 geographic),"https://www.google.com/maps/search/?api=1&query=24.25222700,99.06559820",Manually digitized with Google satellite imagery as reference
MORND-FLD-013,F013,Field,13,,99.0683549440772,24.2521334878445,EPSG:4490 (CGCS2000 geographic),"https://www.google.com/maps/search/?api=1&query=24.25213349,99.06835494",Manually digitized with Google satellite imagery as reference
MORND-FLD-014,F014,Field,14,C,99.0645727044827,24.2580996382974,EPSG:4490 (CGCS2000 geographic),"https://www.google.com/maps/search/?api=1&query=24.25809964,99.06457270",Manually digitized with Google satellite imagery as reference
MORND-FLD-015,F015,Field,15,,99.0655719121078,24.2514059678126,EPSG:4490 (CGCS2000 geographic),"https://www.google.com/maps/search/?api=1&query=24.25140597,99.06557191",Manually digitized with Google satellite imagery as reference
MORND-FLD-016,F016,Field,16,,99.0674270718805,24.251667846974,EPSG:4490 (CGCS2000 geographic),"https://www.google.com/maps/search/?api=1&query=24.25166785,99.06742707",Manually digitized with Google satellite imagery as reference
MORND-FLD-017,F017,Field,17,,99.0718790881129,24.2527898481289,EPSG:4490 (CGCS2000 geographic),"https://www.google.com/maps/search/?api=1&query=24.25278985,99.07187909",Manually digitized with Google satellite imagery as reference
MORND-FLD-018,F018,Field,18,,99.0716577622691,24.2543489205741,EPSG:4490 (CGCS2000 geographic),"https://www.google.com/maps/search/?api=1&query=24.25434892,99.07165776",Manually digitized with Google satellite imagery as reference
MORND-FLD-019,F019,Field,19,,99.0724871483466,24.2560411809357,EPSG:4490 (CGCS2000 geographic),"https://www.google.com/maps/search/?api=1&query=24.25604118,99.07248715",Manually digitized with Google satellite imagery as reference
MORND-FLD-020,F020,Field,20,,99.0708483974178,24.254224355193,EPSG:4490 (CGCS2000 geographic),"https://www.google.com/maps/search/?api=1&query=24.25422436,99.07084840",Manually digitized with Google satellite imagery as reference
MORND-FLD-021,F021,Field,21,,99.0641028603758,24.2545580484687,EPSG:4490 (CGCS2000 geographic),"https://www.google.com/maps/search/?api=1&query=24.25455805,99.06410286",Manually digitized with Google satellite imagery as reference
MORND-FLD-022,F022,Field,22,,99.0698265936453,24.2515246619578,EPSG:4490 (CGCS2000 geographic),"https://www.google.com/maps/search/?api=1&query=24.25152466,99.06982659",Manually digitized with Google satellite imagery as reference
MORND-FLD-023,F023,Field,23,,99.0704174419074,24.2515917634857,EPSG:4490 (CGCS2000 geographic),"https://www.google.com/maps/search/?api=1&query=24.25159176,99.07041744",Manually digitized with Google satellite imagery as reference
MORND-FLD-024,F024,Field,24,,99.0713509244615,24.251019714252,EPSG:4490 (CGCS2000 geographic),"https://www.google.com/maps/search/?api=1&query=24.25101971,99.07135092",Manually digitized with Google satellite imagery as reference
MORND-FLD-025,F025,Field,25,,99.0701824066811,24.2512253423485,EPSG:4490 (CGCS2000 geographic),"https://www.google.com/maps/search/?api=1&query=24.25122534,99.07018241",Manually digitized with Google satellite imagery as reference
MORND-FLD-026,F026,Field,26,,99.0710932980863,24.2507300099832,EPSG:4490 (CGCS2000 geographic),"https://www.google.com/maps/search/?api=1&query=24.25073001,99.07109330",Manually digitized with Google satellite imagery as reference
MORND-FLD-027,F027,Field,27,,99.0697355033752,24.2510246966949,EPSG:4490 (CGCS2000 geographic),"https://www.google.com/maps/search/?api=1&query=24.25102470,99.06973550",Manually digitized with Google satellite imagery as reference
MORND-FLD-028,F028,Field,28,,99.0693123553413,24.250462090286,EPSG:4490 (CGCS2000 geographic),"https://www.google.com/maps/search/?api=1&query=24.25046209,99.06931236",Manually digitized with Google satellite imagery as reference
MORND-FLD-029,F029,Field,29,,99.0661290410516,24.2484677327436,EPSG:4490 (CGCS2000 geographic),"https://www.google.com/maps/search/?api=1&query=24.24846773,99.06612904",Manually digitized with Google satellite imagery as reference
MORND-FLD-030,F030,Field,30,,99.0656065432493,24.2481751727726,EPSG:4490 (CGCS2000 geographic),"https://www.google.com/maps/search/?api=1&query=24.24817517,99.06560654",Manually digitized with Google satellite imagery as reference
MORND-FLD-031,F031,Field,31,,99.0654162708274,24.2494882766781,EPSG:4490 (CGCS2000 geographic),"https://www.google.com/maps/search/?api=1&query=24.24948828,99.06541627",Manually digitized with Google satellite imagery as reference
MORND-FLD-032,F032,Field,32,,99.0650895166753,24.2486393093196,EPSG:4490 (CGCS2000 geographic),"https://www.google.com/maps/search/?api=1&query=24.24863931,99.06508952",Manually digitized with Google satellite imagery as reference
MORND-FLD-033,F033,Field,33,,99.0647002240287,24.2472479638306,EPSG:4490 (CGCS2000 geographic),"https://www.google.com/maps/search/?api=1&query=24.24724796,99.06470022",Manually digitized with Google satellite imagery as reference
MORND-FLD-034,F034,Field,34,,99.0665049539258,24.2496824522421,EPSG:4490 (CGCS2000 geographic),"https://www.google.com/maps/search/?api=1&query=24.24968245,99.06650495",Manually digitized with Google satellite imagery as reference
MORND-FLD-035,F035,Field,35,,99.0670860922354,24.2495847725196,EPSG:4490 (CGCS2000 geographic),"https://www.google.com/maps/search/?api=1&query=24.24958477,99.06708609",Manually digitized with Google satellite imagery as reference
MORND-FLD-036,F036,Field,36,,99.0666679601555,24.2491499617598,EPSG:4490 (CGCS2000 geographic),"https://www.google.com/maps/search/?api=1&query=24.24914996,99.06666796",Manually digitized with Google satellite imagery as reference
MORND-FLD-037,F037,Field,37,,99.0675266585008,24.2498787821406,EPSG:4490 (CGCS2000 geographic),"https://www.google.com/maps/search/?api=1&query=24.24987878,99.06752666",Manually digitized with Google satellite imagery as reference
MORND-FLD-038,F038,Field,38,,99.0679032478253,24.2496495879938,EPSG:4490 (CGCS2000 geographic),"https://www.google.com/maps/search/?api=1&query=24.24964959,99.06790325",Manually digitized with Google satellite imagery as reference
MORND-FLD-039,F039,Field,39,,99.0683673128532,24.2499324277383,EPSG:4490 (CGCS2000 geographic),"https://www.google.com/maps/search/?api=1&query=24.24993243,99.06836731",Manually digitized with Google satellite imagery as reference
MORND-FLD-040,F040,Field,40,,99.0690114866029,24.2502162673208,EPSG:4490 (CGCS2000 geographic),"https://www.google.com/maps/search/?api=1&query=24.25021627,99.06901149",Manually digitized with Google satellite imagery as reference
MORND-FLD-041,F041,Field,41,,99.0671415051885,24.2484456077402,EPSG:4490 (CGCS2000 geographic),"https://www.google.com/maps/search/?api=1&query=24.24844561,99.06714151",Manually digitized with Google satellite imagery as reference
MORND-FLD-042,F042,Field,42,,99.0674548988649,24.2486996409348,EPSG:4490 (CGCS2000 geographic),"https://www.google.com/maps/search/?api=1&query=24.24869964,99.06745490",Manually digitized with Google satellite imagery as reference
MORND-FLD-043,F043,Field,43,,99.0681841095262,24.2486501717377,EPSG:4490 (CGCS2000 geographic),"https://www.google.com/maps/search/?api=1&query=24.24865017,99.06818411",Manually digitized with Google satellite imagery as reference
MORND-FLD-044,F044,Field,44,,99.0685889799131,24.2489435108876,EPSG:4490 (CGCS2000 geographic),"https://www.google.com/maps/search/?api=1&query=24.24894351,99.06858898",Manually digitized with Google satellite imagery as reference
MORND-FLD-045,F045,Field,45,,99.0689209155921,24.2490908549751,EPSG:4490 (CGCS2000 geographic),"https://www.google.com/maps/search/?api=1&query=24.24909085,99.06892092",Manually digitized with Google satellite imagery as reference
MORND-FLD-046,F046,Field,46,,99.069548582968,24.2490124049471,EPSG:4490 (CGCS2000 geographic),"https://www.google.com/maps/search/?api=1&query=24.24901240,99.06954858",Manually digitized with Google satellite imagery as reference
MORND-FLD-047,F047,Field,47,,99.0700317232529,24.2494618902475,EPSG:4490 (CGCS2000 geographic),"https://www.google.com/maps/search/?api=1&query=24.24946189,99.07003172",Manually digitized with Google satellite imagery as reference
MORND-FLD-048,F048,Field,48,,99.0705717584409,24.2497028948975,EPSG:4490 (CGCS2000 geographic),"https://www.google.com/maps/search/?api=1&query=24.24970289,99.07057176",Manually digitized with Google satellite imagery as reference
MORND-FLD-049,F049,Field,49,,99.0700842671035,24.2502068542531,EPSG:4490 (CGCS2000 geographic),"https://www.google.com/maps/search/?api=1&query=24.25020685,99.07008427",Manually digitized with Google satellite imagery as reference
MORND-FLD-050,F050,Field,50,,99.0708339391672,24.2500630091649,EPSG:4490 (CGCS2000 geographic),"https://www.google.com/maps/search/?api=1&query=24.25006301,99.07083394",Manually digitized with Google satellite imagery as reference
MORND-FLD-051,F051,Field,51,,99.0715021481728,24.2500894961542,EPSG:4490 (CGCS2000 geographic),"https://www.google.com/maps/search/?api=1&query=24.25008950,99.07150215",Manually digitized with Google satellite imagery as reference
MORND-FLD-052,F052,Field,52,,99.0679789838679,24.2475270553555,EPSG:4490 (CGCS2000 geographic),"https://www.google.com/maps/search/?api=1&query=24.24752706,99.06797898",Manually digitized with Google satellite imagery as reference
MORND-FLD-053,F053,Field,53,,99.0722761905308,24.2485389279908,EPSG:4490 (CGCS2000 geographic),"https://www.google.com/maps/search/?api=1&query=24.24853893,99.07227619",Manually digitized with Google satellite imagery as reference
MORND-FLD-054,F054,Field,54,,99.0653691646685,24.2472148782904,EPSG:4490 (CGCS2000 geographic),"https://www.google.com/maps/search/?api=1&query=24.24721488,99.06536916",Manually digitized with Google satellite imagery as reference
MORND-FLD-055,F055,Field,55,,99.0657495918425,24.2461922977816,EPSG:4490 (CGCS2000 geographic),"https://www.google.com/maps/search/?api=1&query=24.24619230,99.06574959",Manually digitized with Google satellite imagery as reference
MORND-FLD-056,F056,Field,56,,99.0659678090556,24.2470398042816,EPSG:4490 (CGCS2000 geographic),"https://www.google.com/maps/search/?api=1&query=24.24703980,99.06596781",Manually digitized with Google satellite imagery as reference
MORND-FLD-057,F057,Field,57,,99.0663990193342,24.2461313947605,EPSG:4490 (CGCS2000 geographic),"https://www.google.com/maps/search/?api=1&query=24.24613139,99.06639902",Manually digitized with Google satellite imagery as reference
MORND-FLD-058,F058,Field,58,,99.0665494681524,24.2468904714033,EPSG:4490 (CGCS2000 geographic),"https://www.google.com/maps/search/?api=1&query=24.24689047,99.06654947",Manually digitized with Google satellite imagery as reference
MORND-FLD-059,F059,Field,59,,99.0670524990501,24.2468429904897,EPSG:4490 (CGCS2000 geographic),"https://www.google.com/maps/search/?api=1&query=24.24684299,99.06705250",Manually digitized with Google satellite imagery as reference
MORND-FLD-060,F060,Field,60,,99.0671896771241,24.246052814676,EPSG:4490 (CGCS2000 geographic),"https://www.google.com/maps/search/?api=1&query=24.24605281,99.06718968",Manually digitized with Google satellite imagery as reference
MORND-FLD-061,F061,Field,61,,99.0671562225727,24.2475463391387,EPSG:4490 (CGCS2000 geographic),"https://www.google.com/maps/search/?api=1&query=24.24754634,99.06715622",Manually digitized with Google satellite imagery as reference
MORND-FLD-062,F062,Field,62,,99.068014899951,24.2480139037768,EPSG:4490 (CGCS2000 geographic),"https://www.google.com/maps/search/?api=1&query=24.24801390,99.06801490",Manually digitized with Google satellite imagery as reference
MORND-FLD-063,F063,Field,63,,99.0684435357429,24.2479654154084,EPSG:4490 (CGCS2000 geographic),"https://www.google.com/maps/search/?api=1&query=24.24796542,99.06844354",Manually digitized with Google satellite imagery as reference
MORND-FLD-064,F064,Field,64,,99.0688773989521,24.2478084955437,EPSG:4490 (CGCS2000 geographic),"https://www.google.com/maps/search/?api=1&query=24.24780850,99.06887740",Manually digitized with Google satellite imagery as reference
MORND-FLD-065,F065,Field,65,,99.0699942783436,24.2476158707181,EPSG:4490 (CGCS2000 geographic),"https://www.google.com/maps/search/?api=1&query=24.24761587,99.06999428",Manually digitized with Google satellite imagery as reference
MORND-FLD-066,F066,Field,66,,99.0698001405272,24.2481495463608,EPSG:4490 (CGCS2000 geographic),"https://www.google.com/maps/search/?api=1&query=24.24814955,99.06980014",Manually digitized with Google satellite imagery as reference
MORND-FLD-067,F067,Field,67,,99.0702416513988,24.2484682048264,EPSG:4490 (CGCS2000 geographic),"https://www.google.com/maps/search/?api=1&query=24.24846820,99.07024165",Manually digitized with Google satellite imagery as reference
MORND-FLD-068,F068,Field,68,,99.0709674120177,24.2475138794823,EPSG:4490 (CGCS2000 geographic),"https://www.google.com/maps/search/?api=1&query=24.24751388,99.07096741",Manually digitized with Google satellite imagery as reference
MORND-FLD-069,F069,Field,69,,99.0708695471374,24.2482364940833,EPSG:4490 (CGCS2000 geographic),"https://www.google.com/maps/search/?api=1&query=24.24823649,99.07086955",Manually digitized with Google satellite imagery as reference
MORND-FLD-070,F070,Field,70,,99.0705945006011,24.2489939623709,EPSG:4490 (CGCS2000 geographic),"https://www.google.com/maps/search/?api=1&query=24.24899396,99.07059450",Manually digitized with Google satellite imagery as reference
MORND-FLD-071,F071,Field,71,,99.0710317518864,24.2487479883117,EPSG:4490 (CGCS2000 geographic),"https://www.google.com/maps/search/?api=1&query=24.24874799,99.07103175",Manually digitized with Google satellite imagery as reference
MORND-FLD-072,F072,Field,72,,99.0712716561017,24.2490347449947,EPSG:4490 (CGCS2000 geographic),"https://www.google.com/maps/search/?api=1&query=24.24903474,99.07127166",Manually digitized with Google satellite imagery as reference
MORND-FLD-073,F073,Field,73,,99.0629862368345,24.2502673217174,EPSG:4490 (CGCS2000 geographic),"https://www.google.com/maps/search/?api=1&query=24.25026732,99.06298624",Manually digitized with Google satellite imagery as reference
MORND-FLD-074,F074,Field,74,,99.0638386464323,24.2493994556523,EPSG:4490 (CGCS2000 geographic),"https://www.google.com/maps/search/?api=1&query=24.24939946,99.06383865",Manually digitized with Google satellite imagery as reference
MORND-FLD-075,F075,Field,75,,99.0640043589434,24.2497119126233,EPSG:4490 (CGCS2000 geographic),"https://www.google.com/maps/search/?api=1&query=24.24971191,99.06400436",Manually digitized with Google satellite imagery as reference
MORND-FLD-076,F076,Field,76,,99.0635017030509,24.2494705667104,EPSG:4490 (CGCS2000 geographic),"https://www.google.com/maps/search/?api=1&query=24.24947057,99.06350170",Manually digitized with Google satellite imagery as reference
MORND-FLD-077,F077,Field,77,,99.0645359740125,24.2498580735412,EPSG:4490 (CGCS2000 geographic),"https://www.google.com/maps/search/?api=1&query=24.24985807,99.06453597",Manually digitized with Google satellite imagery as reference
MORND-FLD-078,F078,Field,78,,99.0648907279228,24.2502038042444,EPSG:4490 (CGCS2000 geographic),"https://www.google.com/maps/search/?api=1&query=24.25020380,99.06489073",Manually digitized with Google satellite imagery as reference
MORND-FLD-079,F079,Field,79,,99.0651152934881,24.2496902109211,EPSG:4490 (CGCS2000 geographic),"https://www.google.com/maps/search/?api=1&query=24.24969021,99.06511529",Manually digitized with Google satellite imagery as reference
MORND-FLD-080,F080,Field,80,,99.0644184177203,24.2491391968462,EPSG:4490 (CGCS2000 geographic),"https://www.google.com/maps/search/?api=1&query=24.24913920,99.06441842",Manually digitized with Google satellite imagery as reference
MORND-FLD-081,F081,Field,81,,99.0636314933916,24.2491881021101,EPSG:4490 (CGCS2000 geographic),"https://www.google.com/maps/search/?api=1&query=24.24918810,99.06363149",Manually digitized with Google satellite imagery as reference
MORND-FLD-082,F082,Field,82,,99.0661171681394,24.2499608873758,EPSG:4490 (CGCS2000 geographic),"https://www.google.com/maps/search/?api=1&query=24.24996089,99.06611717",Manually digitized with Google satellite imagery as reference
MORND-FLD-083,F083,Field,83,,99.0666043547264,24.2502495725175,EPSG:4490 (CGCS2000 geographic),"https://www.google.com/maps/search/?api=1&query=24.25024957,99.06660435",Manually digitized with Google satellite imagery as reference
MORND-FLD-084,F084,Field,84,,99.0670078688121,24.2503572405497,EPSG:4490 (CGCS2000 geographic),"https://www.google.com/maps/search/?api=1&query=24.25035724,99.06700787",Manually digitized with Google satellite imagery as reference
MORND-FLD-085,F085,Field,85,,99.0674418478908,24.2504123436959,EPSG:4490 (CGCS2000 geographic),"https://www.google.com/maps/search/?api=1&query=24.25041234,99.06744185",Manually digitized with Google satellite imagery as reference
MORND-FLD-086,F086,Field,86,,99.0679271299501,24.2506339959059,EPSG:4490 (CGCS2000 geographic),"https://www.google.com/maps/search/?api=1&query=24.25063400,99.06792713",Manually digitized with Google satellite imagery as reference
MORND-FLD-087,F087,Field,87,,99.0683271347028,24.250917144808,EPSG:4490 (CGCS2000 geographic),"https://www.google.com/maps/search/?api=1&query=24.25091714,99.06832713",Manually digitized with Google satellite imagery as reference
MORND-FLD-088,F088,Field,88,,99.068756544977,24.2511646645258,EPSG:4490 (CGCS2000 geographic),"https://www.google.com/maps/search/?api=1&query=24.25116466,99.06875654",Manually digitized with Google satellite imagery as reference
MORND-FLD-089,F089,Field,89,,99.070466328532,24.2521362923495,EPSG:4490 (CGCS2000 geographic),"https://www.google.com/maps/search/?api=1&query=24.25213629,99.07046633",Manually digitized with Google satellite imagery as reference
MORND-FLD-090,F090,Field,90,,99.070993116273,24.2522614234605,EPSG:4490 (CGCS2000 geographic),"https://www.google.com/maps/search/?api=1&query=24.25226142,99.07099312",Manually digitized with Google satellite imagery as reference
MORND-FLD-091,F091,Field,91,,99.0712661953271,24.2516287920747,EPSG:4490 (CGCS2000 geographic),"https://www.google.com/maps/search/?api=1&query=24.25162879,99.07126620",Manually digitized with Google satellite imagery as reference
MORND-FLD-092,F092,Field,92,,99.0728801338017,24.2522577429526,EPSG:4490 (CGCS2000 geographic),"https://www.google.com/maps/search/?api=1&query=24.25225774,99.07288013",Manually digitized with Google satellite imagery as reference
MORND-FLD-093,F093,Field,93,,99.0715775357336,24.2532592716827,EPSG:4490 (CGCS2000 geographic),"https://www.google.com/maps/search/?api=1&query=24.25325927,99.07157754",Manually digitized with Google satellite imagery as reference
MORND-FLD-094,F094,Field,94,,99.0620104015406,24.2489624822773,EPSG:4490 (CGCS2000 geographic),"https://www.google.com/maps/search/?api=1&query=24.24896248,99.06201040",Manually digitized with Google satellite imagery as reference
MORND-FLD-095,F095,Field,95,,99.0622307856805,24.2486810309901,EPSG:4490 (CGCS2000 geographic),"https://www.google.com/maps/search/?api=1&query=24.24868103,99.06223079",Manually digitized with Google satellite imagery as reference
MORND-FLD-096,F096,Field,96,,99.0625119724872,24.2486174852338,EPSG:4490 (CGCS2000 geographic),"https://www.google.com/maps/search/?api=1&query=24.24861749,99.06251197",Manually digitized with Google satellite imagery as reference
MORND-FLD-097,F097,Field,97,,99.0629781859733,24.2486309106546,EPSG:4490 (CGCS2000 geographic),"https://www.google.com/maps/search/?api=1&query=24.24863091,99.06297819",Manually digitized with Google satellite imagery as reference
MORND-FLD-098,F098,Field,98,,99.0633652297196,24.2481739517652,EPSG:4490 (CGCS2000 geographic),"https://www.google.com/maps/search/?api=1&query=24.24817395,99.06336523",Manually digitized with Google satellite imagery as reference
MORND-FLD-099,F099,Field,99,,99.0638888458407,24.2478903934676,EPSG:4490 (CGCS2000 geographic),"https://www.google.com/maps/search/?api=1&query=24.24789039,99.06388885",Manually digitized with Google satellite imagery as reference
MORND-FLD-100,F100,Field,100,,99.0615261263578,24.247410644939,EPSG:4490 (CGCS2000 geographic),"https://www.google.com/maps/search/?api=1&query=24.24741064,99.06152613",Manually digitized with Google satellite imagery as reference
MORND-FLD-101,F101,Field,101,,99.0616205564784,24.2483310509293,EPSG:4490 (CGCS2000 geographic),"https://www.google.com/maps/search/?api=1&query=24.24833105,99.06162056",Manually digitized with Google satellite imagery as reference
MORND-FLD-102,F102,Field,102,,99.0617512861668,24.2479096988242,EPSG:4490 (CGCS2000 geographic),"https://www.google.com/maps/search/?api=1&query=24.24790970,99.06175129",Manually digitized with Google satellite imagery as reference
MORND-FLD-103,F103,Field,103,,99.0620194441791,24.2477967801704,EPSG:4490 (CGCS2000 geographic),"https://www.google.com/maps/search/?api=1&query=24.24779678,99.06201944",Manually digitized with Google satellite imagery as reference
MORND-FLD-104,F104,Field,104,,99.0624876414069,24.2479321700958,EPSG:4490 (CGCS2000 geographic),"https://www.google.com/maps/search/?api=1&query=24.24793217,99.06248764",Manually digitized with Google satellite imagery as reference
MORND-FLD-105,F105,Field,105,,99.062779764636,24.2468253952559,EPSG:4490 (CGCS2000 geographic),"https://www.google.com/maps/search/?api=1&query=24.24682540,99.06277976",Manually digitized with Google satellite imagery as reference
MORND-FLD-106,F106,Field,106,,99.0632106977085,24.2467731617464,EPSG:4490 (CGCS2000 geographic),"https://www.google.com/maps/search/?api=1&query=24.24677316,99.06321070",Manually digitized with Google satellite imagery as reference
MORND-FLD-107,F107,Field,107,,99.0648613541364,24.2458249196703,EPSG:4490 (CGCS2000 geographic),"https://www.google.com/maps/search/?api=1&query=24.24582492,99.06486135",Manually digitized with Google satellite imagery as reference
MORND-FLD-108,F108,Field,108,,99.0641469447143,24.2459009596359,EPSG:4490 (CGCS2000 geographic),"https://www.google.com/maps/search/?api=1&query=24.24590096,99.06414694",Manually digitized with Google satellite imagery as reference
MORND-FLD-109,F109,Field,109,,99.063537389775,24.2458855158252,EPSG:4490 (CGCS2000 geographic),"https://www.google.com/maps/search/?api=1&query=24.24588552,99.06353739",Manually digitized with Google satellite imagery as reference
MORND-FLD-110,F110,Field,110,,99.0635620292164,24.2471065757374,EPSG:4490 (CGCS2000 geographic),"https://www.google.com/maps/search/?api=1&query=24.24710658,99.06356203",Manually digitized with Google satellite imagery as reference
MORND-FLD-111,F111,Field,111,,99.0640420992404,24.2472836735769,EPSG:4490 (CGCS2000 geographic),"https://www.google.com/maps/search/?api=1&query=24.24728367,99.06404210",Manually digitized with Google satellite imagery as reference
MORND-FLD-112,F112,Field,112,,99.0591688625796,24.2448412518665,EPSG:4490 (CGCS2000 geographic),"https://www.google.com/maps/search/?api=1&query=24.24484125,99.05916886",Manually digitized with Google satellite imagery as reference
MORND-FLD-113,F113,Field,113,,99.058493474716,24.2456005205643,EPSG:4490 (CGCS2000 geographic),"https://www.google.com/maps/search/?api=1&query=24.24560052,99.05849347",Manually digitized with Google satellite imagery as reference
MORND-FLD-114,F114,Field,114,,99.0584162678817,24.2443785073394,EPSG:4490 (CGCS2000 geographic),"https://www.google.com/maps/search/?api=1&query=24.24437851,99.05841627",Manually digitized with Google satellite imagery as reference
MORND-FLD-115,F115,Field,115,,99.0583952155485,24.2450486181724,EPSG:4490 (CGCS2000 geographic),"https://www.google.com/maps/search/?api=1&query=24.24504862,99.05839522",Manually digitized with Google satellite imagery as reference
MORND-FLD-116,F116,Field,116,,99.0588411634452,24.2445445534473,EPSG:4490 (CGCS2000 geographic),"https://www.google.com/maps/search/?api=1&query=24.24454455,99.05884116",Manually digitized with Google satellite imagery as reference
MORND-FLD-117,F117,Field,117,,99.0589518818974,24.2452994763701,EPSG:4490 (CGCS2000 geographic),"https://www.google.com/maps/search/?api=1&query=24.24529948,99.05895188",Manually digitized with Google satellite imagery as reference
MORND-FLD-118,F118,Field,118,,99.0587210387722,24.2453251531673,EPSG:4490 (CGCS2000 geographic),"https://www.google.com/maps/search/?api=1&query=24.24532515,99.05872104",Manually digitized with Google satellite imagery as reference
MORND-FLD-119,F119,Field,119,,99.0594652386282,24.2454146483281,EPSG:4490 (CGCS2000 geographic),"https://www.google.com/maps/search/?api=1&query=24.24541465,99.05946524",Manually digitized with Google satellite imagery as reference
MORND-FLD-120,F120,Field,120,,99.0594436108279,24.2459549750628,EPSG:4490 (CGCS2000 geographic),"https://www.google.com/maps/search/?api=1&query=24.24595498,99.05944361",Manually digitized with Google satellite imagery as reference
MORND-FLD-121,F121,Field,121,,99.0590736289687,24.2459961374818,EPSG:4490 (CGCS2000 geographic),"https://www.google.com/maps/search/?api=1&query=24.24599614,99.05907363",Manually digitized with Google satellite imagery as reference
MORND-FLD-122,F122,Field,122,,99.0595889224465,24.2448003756874,EPSG:4490 (CGCS2000 geographic),"https://www.google.com/maps/search/?api=1&query=24.24480038,99.05958892",Manually digitized with Google satellite imagery as reference
MORND-FLD-123,F123,Field,123,,99.0598051535587,24.2462528859831,EPSG:4490 (CGCS2000 geographic),"https://www.google.com/maps/search/?api=1&query=24.24625289,99.05980515",Manually digitized with Google satellite imagery as reference
MORND-FLD-124,F124,Field,124,,99.0610571169066,24.2446939924641,EPSG:4490 (CGCS2000 geographic),"https://www.google.com/maps/search/?api=1&query=24.24469399,99.06105712",Manually digitized with Google satellite imagery as reference
MORND-FLD-125,F125,Field,125,,99.0613068329596,24.2452614759643,EPSG:4490 (CGCS2000 geographic),"https://www.google.com/maps/search/?api=1&query=24.24526148,99.06130683",Manually digitized with Google satellite imagery as reference
MORND-FLD-126,F126,Field,126,,99.0606839242596,24.2462550151865,EPSG:4490 (CGCS2000 geographic),"https://www.google.com/maps/search/?api=1&query=24.24625502,99.06068392",Manually digitized with Google satellite imagery as reference
MORND-FLD-127,F127,Field,127,,99.0612357010916,24.2449909815154,EPSG:4490 (CGCS2000 geographic),"https://www.google.com/maps/search/?api=1&query=24.24499098,99.06123570",Manually digitized with Google satellite imagery as reference
MORND-FLD-128,F128,Field,128,,99.0606546036731,24.2446877701886,EPSG:4490 (CGCS2000 geographic),"https://www.google.com/maps/search/?api=1&query=24.24468777,99.06065460",Manually digitized with Google satellite imagery as reference
MORND-FLD-129,F129,Field,129,,99.0629463947574,24.2512961767691,EPSG:4490 (CGCS2000 geographic),"https://www.google.com/maps/search/?api=1&query=24.25129618,99.06294639",Manually digitized with Google satellite imagery as reference
MORND-FLD-130,F130,Field,130,,99.0620123361152,24.2517650913277,EPSG:4490 (CGCS2000 geographic),"https://www.google.com/maps/search/?api=1&query=24.25176509,99.06201234",Manually digitized with Google satellite imagery as reference
MORND-FLD-131,F131,Field,131,,99.064822714398,24.2513270615271,EPSG:4490 (CGCS2000 geographic),"https://www.google.com/maps/search/?api=1&query=24.25132706,99.06482271",Manually digitized with Google satellite imagery as reference
MORND-FLD-132,F132,Field,132,,99.0642696536996,24.2511851570036,EPSG:4490 (CGCS2000 geographic),"https://www.google.com/maps/search/?api=1&query=24.25118516,99.06426965",Manually digitized with Google satellite imagery as reference
MORND-FLD-133,F133,Field,133,,99.0634889887615,24.2516114096436,EPSG:4490 (CGCS2000 geographic),"https://www.google.com/maps/search/?api=1&query=24.25161141,99.06348899",Manually digitized with Google satellite imagery as reference
MORND-FLD-134,F134,Field,134,,99.0639165085707,24.2517692517077,EPSG:4490 (CGCS2000 geographic),"https://www.google.com/maps/search/?api=1&query=24.25176925,99.06391651",Manually digitized with Google satellite imagery as reference
MORND-FLD-135,F135,Field,135,,99.0642187417802,24.2514551615082,EPSG:4490 (CGCS2000 geographic),"https://www.google.com/maps/search/?api=1&query=24.25145516,99.06421874",Manually digitized with Google satellite imagery as reference
MORND-FLD-136,F136,Field,136,,99.0646862772216,24.2522091499553,EPSG:4490 (CGCS2000 geographic),"https://www.google.com/maps/search/?api=1&query=24.25220915,99.06468628",Manually digitized with Google satellite imagery as reference
MORND-FLD-137,F137,Field,137,,99.0652116026443,24.252020047218,EPSG:4490 (CGCS2000 geographic),"https://www.google.com/maps/search/?api=1&query=24.25202005,99.06521160",Manually digitized with Google satellite imagery as reference
MORND-FLD-138,F138,Field,138,,99.0670883872803,24.251122855432,EPSG:4490 (CGCS2000 geographic),"https://www.google.com/maps/search/?api=1&query=24.25112286,99.06708839",Manually digitized with Google satellite imagery as reference
MORND-FLD-139,F139,Field,139,,99.0679520376296,24.2524759890655,EPSG:4490 (CGCS2000 geographic),"https://www.google.com/maps/search/?api=1&query=24.25247599,99.06795204",Manually digitized with Google satellite imagery as reference
MORND-FLD-140,F140,Field,140,,99.0671453995555,24.2526225065223,EPSG:4490 (CGCS2000 geographic),"https://www.google.com/maps/search/?api=1&query=24.25262251,99.06714540",Manually digitized with Google satellite imagery as reference
MORND-FLD-141,F141,Field,141,,99.06725088413,24.2532395510584,EPSG:4490 (CGCS2000 geographic),"https://www.google.com/maps/search/?api=1&query=24.25323955,99.06725088",Manually digitized with Google satellite imagery as reference
MORND-FLD-142,F142,Field,142,,99.0669043170638,24.2532053184623,EPSG:4490 (CGCS2000 geographic),"https://www.google.com/maps/search/?api=1&query=24.25320532,99.06690432",Manually digitized with Google satellite imagery as reference
MORND-FLD-143,F143,Field,143,,99.0682712940709,24.251795323991,EPSG:4490 (CGCS2000 geographic),"https://www.google.com/maps/search/?api=1&query=24.25179532,99.06827129",Manually digitized with Google satellite imagery as reference
MORND-FLD-144,F144,Field,144,,99.0684883006687,24.2520980971293,EPSG:4490 (CGCS2000 geographic),"https://www.google.com/maps/search/?api=1&query=24.25209810,99.06848830",Manually digitized with Google satellite imagery as reference
MORND-FLD-145,F145,Field,145,,99.0688059189945,24.2523858666248,EPSG:4490 (CGCS2000 geographic),"https://www.google.com/maps/search/?api=1&query=24.25238587,99.06880592",Manually digitized with Google satellite imagery as reference
MORND-FLD-146,F146,Field,146,,99.0693049656402,24.2523555728211,EPSG:4490 (CGCS2000 geographic),"https://www.google.com/maps/search/?api=1&query=24.25235557,99.06930497",Manually digitized with Google satellite imagery as reference
MORND-FLD-147,F147,Field,147,,99.0655175916599,24.2526303957872,EPSG:4490 (CGCS2000 geographic),"https://www.google.com/maps/search/?api=1&query=24.25263040,99.06551759",Manually digitized with Google satellite imagery as reference
MORND-FLD-148,F148,Field,148,,99.0650170135882,24.2526814946843,EPSG:4490 (CGCS2000 geographic),"https://www.google.com/maps/search/?api=1&query=24.25268149,99.06501701",Manually digitized with Google satellite imagery as reference
MORND-FLD-149,F149,Field,149,,99.0644793949553,24.2526720044415,EPSG:4490 (CGCS2000 geographic),"https://www.google.com/maps/search/?api=1&query=24.25267200,99.06447939",Manually digitized with Google satellite imagery as reference
MORND-FLD-150,F150,Field,150,,99.0707152545623,24.2526695439333,EPSG:4490 (CGCS2000 geographic),"https://www.google.com/maps/search/?api=1&query=24.25266954,99.07071525",Manually digitized with Google satellite imagery as reference
MORND-FLD-151,F151,Field,151,,99.0712128896938,24.2529349994955,EPSG:4490 (CGCS2000 geographic),"https://www.google.com/maps/search/?api=1&query=24.25293500,99.07121289",Manually digitized with Google satellite imagery as reference
MORND-FLD-152,F152,Field,152,,99.0715027451388,24.2540757962398,EPSG:4490 (CGCS2000 geographic),"https://www.google.com/maps/search/?api=1&query=24.25407580,99.07150275",Manually digitized with Google satellite imagery as reference
MORND-FLD-153,F153,Field,153,,99.0698205949334,24.2534019996315,EPSG:4490 (CGCS2000 geographic),"https://www.google.com/maps/search/?api=1&query=24.25340200,99.06982059",Manually digitized with Google satellite imagery as reference
MORND-FLD-154,F154,Field,154,,99.0703533193347,24.2533963763012,EPSG:4490 (CGCS2000 geographic),"https://www.google.com/maps/search/?api=1&query=24.25339638,99.07035332",Manually digitized with Google satellite imagery as reference
MORND-FLD-155,F155,Field,155,,99.0696514157962,24.2529846308747,EPSG:4490 (CGCS2000 geographic),"https://www.google.com/maps/search/?api=1&query=24.25298463,99.06965142",Manually digitized with Google satellite imagery as reference
MORND-FLD-156,F156,Field,156,,99.0691920132297,24.2528164948094,EPSG:4490 (CGCS2000 geographic),"https://www.google.com/maps/search/?api=1&query=24.25281649,99.06919201",Manually digitized with Google satellite imagery as reference
MORND-FLD-157,F157,Field,157,,99.0686875123235,24.2528830970823,EPSG:4490 (CGCS2000 geographic),"https://www.google.com/maps/search/?api=1&query=24.25288310,99.06868751",Manually digitized with Google satellite imagery as reference
MORND-FLD-158,F158,Field,158,,99.0680595048049,24.2530421481759,EPSG:4490 (CGCS2000 geographic),"https://www.google.com/maps/search/?api=1&query=24.25304215,99.06805950",Manually digitized with Google satellite imagery as reference
MORND-FLD-159,F159,Field,159,,99.0676336630155,24.2532702586243,EPSG:4490 (CGCS2000 geographic),"https://www.google.com/maps/search/?api=1&query=24.25327026,99.06763366",Manually digitized with Google satellite imagery as reference
MORND-FLD-160,F160,Field,160,,99.0685348280239,24.2539281977066,EPSG:4490 (CGCS2000 geographic),"https://www.google.com/maps/search/?api=1&query=24.25392820,99.06853483",Manually digitized with Google satellite imagery as reference
MORND-FLD-161,F161,Field,161,,99.0685825150274,24.2542304746346,EPSG:4490 (CGCS2000 geographic),"https://www.google.com/maps/search/?api=1&query=24.25423047,99.06858252",Manually digitized with Google satellite imagery as reference
MORND-FLD-162,F162,Field,162,,99.0687294754356,24.2536184085983,EPSG:4490 (CGCS2000 geographic),"https://www.google.com/maps/search/?api=1&query=24.25361841,99.06872948",Manually digitized with Google satellite imagery as reference
MORND-FLD-163,F163,Field,163,,99.0692226511704,24.2536813623421,EPSG:4490 (CGCS2000 geographic),"https://www.google.com/maps/search/?api=1&query=24.25368136,99.06922265",Manually digitized with Google satellite imagery as reference
MORND-FLD-164,F164,Field,164,,99.0693880649295,24.2545139715095,EPSG:4490 (CGCS2000 geographic),"https://www.google.com/maps/search/?api=1&query=24.25451397,99.06938806",Manually digitized with Google satellite imagery as reference
MORND-FLD-165,F165,Field,165,,99.0698984175386,24.2545947327677,EPSG:4490 (CGCS2000 geographic),"https://www.google.com/maps/search/?api=1&query=24.25459473,99.06989842",Manually digitized with Google satellite imagery as reference
MORND-FLD-166,F166,Field,166,,99.0696916574106,24.253930550006,EPSG:4490 (CGCS2000 geographic),"https://www.google.com/maps/search/?api=1&query=24.25393055,99.06969166",Manually digitized with Google satellite imagery as reference
MORND-FLD-167,F167,Field,167,,99.0595308345269,24.2524749422723,EPSG:4490 (CGCS2000 geographic),"https://www.google.com/maps/search/?api=1&query=24.25247494,99.05953083",Manually digitized with Google satellite imagery as reference
MORND-FLD-168,F168,Field,168,,99.0602897449346,24.2529244947212,EPSG:4490 (CGCS2000 geographic),"https://www.google.com/maps/search/?api=1&query=24.25292449,99.06028974",Manually digitized with Google satellite imagery as reference
MORND-FLD-169,F169,Field,169,,99.0599597107384,24.252277622684,EPSG:4490 (CGCS2000 geographic),"https://www.google.com/maps/search/?api=1&query=24.25227762,99.05995971",Manually digitized with Google satellite imagery as reference
MORND-FLD-170,F170,Field,170,,99.0600253119276,24.2519634993113,EPSG:4490 (CGCS2000 geographic),"https://www.google.com/maps/search/?api=1&query=24.25196350,99.06002531",Manually digitized with Google satellite imagery as reference
MORND-FLD-171,F171,Field,171,,99.0607206136942,24.2516691745008,EPSG:4490 (CGCS2000 geographic),"https://www.google.com/maps/search/?api=1&query=24.25166917,99.06072061",Manually digitized with Google satellite imagery as reference
MORND-FLD-172,F172,Field,172,,99.0609574477223,24.2516128129261,EPSG:4490 (CGCS2000 geographic),"https://www.google.com/maps/search/?api=1&query=24.25161281,99.06095745",Manually digitized with Google satellite imagery as reference
MORND-FLD-173,F173,Field,173,,99.0613449685996,24.2515860255677,EPSG:4490 (CGCS2000 geographic),"https://www.google.com/maps/search/?api=1&query=24.25158603,99.06134497",Manually digitized with Google satellite imagery as reference
MORND-FLD-174,F174,Field,174,,99.0617036008933,24.2516779511357,EPSG:4490 (CGCS2000 geographic),"https://www.google.com/maps/search/?api=1&query=24.25167795,99.06170360",Manually digitized with Google satellite imagery as reference
MORND-FLD-175,F175,Field,175,,99.0619586479478,24.2519929282307,EPSG:4490 (CGCS2000 geographic),"https://www.google.com/maps/search/?api=1&query=24.25199293,99.06195865",Manually digitized with Google satellite imagery as reference
MORND-FLD-176,F176,Field,176,,99.0624893270775,24.2519862385769,EPSG:4490 (CGCS2000 geographic),"https://www.google.com/maps/search/?api=1&query=24.25198624,99.06248933",Manually digitized with Google satellite imagery as reference
MORND-FLD-177,F177,Field,177,,99.0631875322424,24.2531305878367,EPSG:4490 (CGCS2000 geographic),"https://www.google.com/maps/search/?api=1&query=24.25313059,99.06318753",Manually digitized with Google satellite imagery as reference
MORND-FLD-178,F178,Field,178,,99.0614044959707,24.2525113811173,EPSG:4490 (CGCS2000 geographic),"https://www.google.com/maps/search/?api=1&query=24.25251138,99.06140450",Manually digitized with Google satellite imagery as reference
MORND-FLD-179,F179,Field,179,,99.0621684975822,24.2525165403503,EPSG:4490 (CGCS2000 geographic),"https://www.google.com/maps/search/?api=1&query=24.25251654,99.06216850",Manually digitized with Google satellite imagery as reference
MORND-FLD-180,F180,Field,180,,99.0626661296488,24.2526637773314,EPSG:4490 (CGCS2000 geographic),"https://www.google.com/maps/search/?api=1&query=24.25266378,99.06266613",Manually digitized with Google satellite imagery as reference
MORND-FLD-181,F181,Field,181,,99.0633219185697,24.2529099865158,EPSG:4490 (CGCS2000 geographic),"https://www.google.com/maps/search/?api=1&query=24.25290999,99.06332192",Manually digitized with Google satellite imagery as reference
MORND-FLD-182,F182,Field,182,,99.0640241926998,24.2530961287352,EPSG:4490 (CGCS2000 geographic),"https://www.google.com/maps/search/?api=1&query=24.25309613,99.06402419",Manually digitized with Google satellite imagery as reference
MORND-FLD-183,F183,Field,183,,99.0666248123103,24.254160166219,EPSG:4490 (CGCS2000 geographic),"https://www.google.com/maps/search/?api=1&query=24.25416017,99.06662481",Manually digitized with Google satellite imagery as reference
MORND-FLD-184,F184,Field,184,,99.065739430574,24.2535328849528,EPSG:4490 (CGCS2000 geographic),"https://www.google.com/maps/search/?api=1&query=24.25353288,99.06573943",Manually digitized with Google satellite imagery as reference
MORND-FLD-185,F185,Field,185,,99.0660176485041,24.2535797091095,EPSG:4490 (CGCS2000 geographic),"https://www.google.com/maps/search/?api=1&query=24.25357971,99.06601765",Manually digitized with Google satellite imagery as reference
MORND-FLD-186,F186,Field,186,,99.0664169274838,24.2537238301898,EPSG:4490 (CGCS2000 geographic),"https://www.google.com/maps/search/?api=1&query=24.25372383,99.06641693",Manually digitized with Google satellite imagery as reference
MORND-FLD-187,F187,Field,187,,99.0653815369006,24.2537513451143,EPSG:4490 (CGCS2000 geographic),"https://www.google.com/maps/search/?api=1&query=24.25375135,99.06538154",Manually digitized with Google satellite imagery as reference
MORND-FLD-188,F188,Field,188,,99.0669302818929,24.2538303838289,EPSG:4490 (CGCS2000 geographic),"https://www.google.com/maps/search/?api=1&query=24.25383038,99.06693028",Manually digitized with Google satellite imagery as reference
MORND-FLD-189,F189,Field,189,,99.067434768705,24.2539179755577,EPSG:4490 (CGCS2000 geographic),"https://www.google.com/maps/search/?api=1&query=24.25391798,99.06743477",Manually digitized with Google satellite imagery as reference
MORND-FLD-190,F190,Field,190,,99.0680694241846,24.2546062705316,EPSG:4490 (CGCS2000 geographic),"https://www.google.com/maps/search/?api=1&query=24.25460627,99.06806942",Manually digitized with Google satellite imagery as reference
MORND-FLD-191,F191,Field,191,,99.0686115473035,24.2553250044928,EPSG:4490 (CGCS2000 geographic),"https://www.google.com/maps/search/?api=1&query=24.25532500,99.06861155",Manually digitized with Google satellite imagery as reference
MORND-FLD-192,F192,Field,192,,99.0687625572442,24.2552163953191,EPSG:4490 (CGCS2000 geographic),"https://www.google.com/maps/search/?api=1&query=24.25521640,99.06876256",Manually digitized with Google satellite imagery as reference
MORND-FLD-193,F193,Field,193,,99.0693752130858,24.2551945327146,EPSG:4490 (CGCS2000 geographic),"https://www.google.com/maps/search/?api=1&query=24.25519453,99.06937521",Manually digitized with Google satellite imagery as reference
MORND-FLD-194,F194,Field,194,,99.0601409867077,24.2564542086782,EPSG:4490 (CGCS2000 geographic),"https://www.google.com/maps/search/?api=1&query=24.25645421,99.06014099",Manually digitized with Google satellite imagery as reference
MORND-FLD-195,F195,Field,195,,99.0630137950401,24.2537787471124,EPSG:4490 (CGCS2000 geographic),"https://www.google.com/maps/search/?api=1&query=24.25377875,99.06301380",Manually digitized with Google satellite imagery as reference
MORND-FLD-196,F196,Field,196,,99.065123092953,24.2571123271716,EPSG:4490 (CGCS2000 geographic),"https://www.google.com/maps/search/?api=1&query=24.25711233,99.06512309",Manually digitized with Google satellite imagery as reference
MORND-FLD-197,F197,Field,197,,99.0667729170085,24.2572867013112,EPSG:4490 (CGCS2000 geographic),"https://www.google.com/maps/search/?api=1&query=24.25728670,99.06677292",Manually digitized with Google satellite imagery as reference
MORND-FLD-198,F198,Field,198,,99.0706391588809,24.2572976564687,EPSG:4490 (CGCS2000 geographic),"https://www.google.com/maps/search/?api=1&query=24.25729766,99.07063916",Manually digitized with Google satellite imagery as reference
MORND-FLD-199,F199,Field,199,,99.0624970690675,24.2549668212142,EPSG:4490 (CGCS2000 geographic),"https://www.google.com/maps/search/?api=1&query=24.25496682,99.06249707",Manually digitized with Google satellite imagery as reference
MORND-FLD-200,F200,Field,200,,99.0603829284455,24.2530907633474,EPSG:4490 (CGCS2000 geographic),"https://www.google.com/maps/search/?api=1&query=24.25309076,99.06038293",Manually digitized with Google satellite imagery as reference
MORND-FLD-201,F201,Field,201,,99.0582236578747,24.254977542947,EPSG:4490 (CGCS2000 geographic),"https://www.google.com/maps/search/?api=1&query=24.25497754,99.05822366",Manually digitized with Google satellite imagery as reference
MORND-FLD-202,F202,Field,202,,99.0584276173013,24.2544665031758,EPSG:4490 (CGCS2000 geographic),"https://www.google.com/maps/search/?api=1&query=24.25446650,99.05842762",Manually digitized with Google satellite imagery as reference
MORND-FLD-203,F203,Field,203,,99.0593939874779,24.2548606118716,EPSG:4490 (CGCS2000 geographic),"https://www.google.com/maps/search/?api=1&query=24.25486061,99.05939399",Manually digitized with Google satellite imagery as reference
MORND-FLD-204,F204,Field,204,,99.0595998841489,24.2560677349085,EPSG:4490 (CGCS2000 geographic),"https://www.google.com/maps/search/?api=1&query=24.25606773,99.05959988",Manually digitized with Google satellite imagery as reference
MORND-FLD-205,F205,Field,205,,99.0585278113637,24.2562918647745,EPSG:4490 (CGCS2000 geographic),"https://www.google.com/maps/search/?api=1&query=24.25629186,99.05852781",Manually digitized with Google satellite imagery as reference
MORND-FLD-206,F206,Field,206,,99.0589279997662,24.255997627838,EPSG:4490 (CGCS2000 geographic),"https://www.google.com/maps/search/?api=1&query=24.25599763,99.05892800",Manually digitized with Google satellite imagery as reference
MORND-FLD-207,F207,Field,207,,99.0608917610839,24.2558658605366,EPSG:4490 (CGCS2000 geographic),"https://www.google.com/maps/search/?api=1&query=24.25586586,99.06089176",Manually digitized with Google satellite imagery as reference
MORND-FLD-208,F208,Field,208,,99.0619253443467,24.2561067143841,EPSG:4490 (CGCS2000 geographic),"https://www.google.com/maps/search/?api=1&query=24.25610671,99.06192534",Manually digitized with Google satellite imagery as reference
MORND-FLD-209,F209,Field,209,,99.0623605381385,24.2569417844956,EPSG:4490 (CGCS2000 geographic),"https://www.google.com/maps/search/?api=1&query=24.25694178,99.06236054",Manually digitized with Google satellite imagery as reference
MORND-FLD-210,F210,Field,210,,99.0619183273777,24.2569797724061,EPSG:4490 (CGCS2000 geographic),"https://www.google.com/maps/search/?api=1&query=24.25697977,99.06191833",Manually digitized with Google satellite imagery as reference
MORND-FLD-211,F211,Field,211,,99.0626475032474,24.2569500944119,EPSG:4490 (CGCS2000 geographic),"https://www.google.com/maps/search/?api=1&query=24.25695009,99.06264750",Manually digitized with Google satellite imagery as reference
MORND-FLD-212,F212,Field,212,,99.0631738208283,24.2569859478172,EPSG:4490 (CGCS2000 geographic),"https://www.google.com/maps/search/?api=1&query=24.25698595,99.06317382",Manually digitized with Google satellite imagery as reference
MORND-FLD-213,F213,Field,213,,99.0634882651694,24.2572354299837,EPSG:4490 (CGCS2000 geographic),"https://www.google.com/maps/search/?api=1&query=24.25723543,99.06348827",Manually digitized with Google satellite imagery as reference
MORND-FLD-214,F214,Field,214,,99.0637258601959,24.2573648219574,EPSG:4490 (CGCS2000 geographic),"https://www.google.com/maps/search/?api=1&query=24.25736482,99.06372586",Manually digitized with Google satellite imagery as reference
MORND-FLD-215,F215,Field,215,,99.0637083331717,24.2585357507822,EPSG:4490 (CGCS2000 geographic),"https://www.google.com/maps/search/?api=1&query=24.25853575,99.06370833",Manually digitized with Google satellite imagery as reference
MORND-FLD-216,F216,Field,216,,99.0630273505133,24.2579196333812,EPSG:4490 (CGCS2000 geographic),"https://www.google.com/maps/search/?api=1&query=24.25791963,99.06302735",Manually digitized with Google satellite imagery as reference
MORND-FLD-217,F217,Field,217,,99.0628120099123,24.2578256022895,EPSG:4490 (CGCS2000 geographic),"https://www.google.com/maps/search/?api=1&query=24.25782560,99.06281201",Manually digitized with Google satellite imagery as reference
MORND-FLD-218,F218,Field,218,,99.0631954610777,24.2583369986735,EPSG:4490 (CGCS2000 geographic),"https://www.google.com/maps/search/?api=1&query=24.25833700,99.06319546",Manually digitized with Google satellite imagery as reference
MORND-FLD-219,F219,Field,219,,99.0635324825072,24.2581567879385,EPSG:4490 (CGCS2000 geographic),"https://www.google.com/maps/search/?api=1&query=24.25815679,99.06353248",Manually digitized with Google satellite imagery as reference
MORND-FLD-220,F220,Field,220,,99.0642869166993,24.2580088045406,EPSG:4490 (CGCS2000 geographic),"https://www.google.com/maps/search/?api=1&query=24.25800880,99.06428692",Manually digitized with Google satellite imagery as reference
MORND-FLD-221,F221,Field,221,,99.0656583756427,24.2582152859357,EPSG:4490 (CGCS2000 geographic),"https://www.google.com/maps/search/?api=1&query=24.25821529,99.06565838",Manually digitized with Google satellite imagery as reference
MORND-FLD-222,F222,Field,222,,99.0637492281028,24.2567512621878,EPSG:4490 (CGCS2000 geographic),"https://www.google.com/maps/search/?api=1&query=24.25675126,99.06374923",Manually digitized with Google satellite imagery as reference
MORND-FLD-223,F223,Field,223,,99.0650569981489,24.2573865287133,EPSG:4490 (CGCS2000 geographic),"https://www.google.com/maps/search/?api=1&query=24.25738653,99.06505700",Manually digitized with Google satellite imagery as reference
MORND-FLD-224,F224,Field,224,,99.0656986211069,24.2556952652794,EPSG:4490 (CGCS2000 geographic),"https://www.google.com/maps/search/?api=1&query=24.25569527,99.06569862",Manually digitized with Google satellite imagery as reference
MORND-FLD-225,F225,Field,225,,99.0659061112596,24.2554982175189,EPSG:4490 (CGCS2000 geographic),"https://www.google.com/maps/search/?api=1&query=24.25549822,99.06590611",Manually digitized with Google satellite imagery as reference
MORND-FLD-226,F226,Field,226,,99.0658322321781,24.2563192796704,EPSG:4490 (CGCS2000 geographic),"https://www.google.com/maps/search/?api=1&query=24.25631928,99.06583223",Manually digitized with Google satellite imagery as reference
MORND-FLD-227,F227,Field,227,,99.066078596016,24.2568659622581,EPSG:4490 (CGCS2000 geographic),"https://www.google.com/maps/search/?api=1&query=24.25686596,99.06607860",Manually digitized with Google satellite imagery as reference
MORND-FLD-228,F228,Field,228,,99.0665850980881,24.2567739229594,EPSG:4490 (CGCS2000 geographic),"https://www.google.com/maps/search/?api=1&query=24.25677392,99.06658510",Manually digitized with Google satellite imagery as reference
MORND-FLD-229,F229,Field,229,,99.0670925363026,24.2570402104558,EPSG:4490 (CGCS2000 geographic),"https://www.google.com/maps/search/?api=1&query=24.25704021,99.06709254",Manually digitized with Google satellite imagery as reference
MORND-FLD-230,F230,Field,230,,99.0667403275607,24.2559292281852,EPSG:4490 (CGCS2000 geographic),"https://www.google.com/maps/search/?api=1&query=24.25592923,99.06674033",Manually digitized with Google satellite imagery as reference
MORND-FLD-231,F231,Field,231,,99.067647381495,24.256919970912,EPSG:4490 (CGCS2000 geographic),"https://www.google.com/maps/search/?api=1&query=24.25691997,99.06764738",Manually digitized with Google satellite imagery as reference
MORND-FLD-232,F232,Field,232,,99.0678733157681,24.2565205777811,EPSG:4490 (CGCS2000 geographic),"https://www.google.com/maps/search/?api=1&query=24.25652058,99.06787332",Manually digitized with Google satellite imagery as reference
MORND-FLD-233,F233,Field,233,,99.0686654582591,24.2570119962031,EPSG:4490 (CGCS2000 geographic),"https://www.google.com/maps/search/?api=1&query=24.25701200,99.06866546",Manually digitized with Google satellite imagery as reference
MORND-FLD-234,F234,Field,234,,99.0691969864929,24.2571839160943,EPSG:4490 (CGCS2000 geographic),"https://www.google.com/maps/search/?api=1&query=24.25718392,99.06919699",Manually digitized with Google satellite imagery as reference
MORND-FLD-235,F235,Field,235,,99.0696545700808,24.257224095961,EPSG:4490 (CGCS2000 geographic),"https://www.google.com/maps/search/?api=1&query=24.25722410,99.06965457",Manually digitized with Google satellite imagery as reference
MORND-FLD-236,F236,Field,236,,99.0700024915562,24.2571532733069,EPSG:4490 (CGCS2000 geographic),"https://www.google.com/maps/search/?api=1&query=24.25715327,99.07000249",Manually digitized with Google satellite imagery as reference
MORND-FLD-237,F237,Field,237,,99.0699900624531,24.2577300981058,EPSG:4490 (CGCS2000 geographic),"https://www.google.com/maps/search/?api=1&query=24.25773010,99.06999006",Manually digitized with Google satellite imagery as reference
MORND-FLD-238,F238,Field,238,,99.0702519131842,24.2579468898332,EPSG:4490 (CGCS2000 geographic),"https://www.google.com/maps/search/?api=1&query=24.25794689,99.07025191",Manually digitized with Google satellite imagery as reference
MORND-FLD-239,F239,Field,239,,99.070370595974,24.2581933866629,EPSG:4490 (CGCS2000 geographic),"https://www.google.com/maps/search/?api=1&query=24.25819339,99.07037060",Manually digitized with Google satellite imagery as reference
MORND-FLD-240,F240,Field,240,,99.0707474082019,24.2578230775462,EPSG:4490 (CGCS2000 geographic),"https://www.google.com/maps/search/?api=1&query=24.25782308,99.07074741",Manually digitized with Google satellite imagery as reference
MORND-FLD-241,F241,Field,241,,99.0709958090312,24.2574154561357,EPSG:4490 (CGCS2000 geographic),"https://www.google.com/maps/search/?api=1&query=24.25741546,99.07099581",Manually digitized with Google satellite imagery as reference
MORND-FLD-242,F242,Field,242,,99.0711559880695,24.2570762219438,EPSG:4490 (CGCS2000 geographic),"https://www.google.com/maps/search/?api=1&query=24.25707622,99.07115599",Manually digitized with Google satellite imagery as reference
MORND-FLD-243,F243,Field,243,,99.0710719530196,24.2566882778361,EPSG:4490 (CGCS2000 geographic),"https://www.google.com/maps/search/?api=1&query=24.25668828,99.07107195",Manually digitized with Google satellite imagery as reference
MORND-FLD-244,F244,Field,244,,99.0709769007615,24.2564306450966,EPSG:4490 (CGCS2000 geographic),"https://www.google.com/maps/search/?api=1&query=24.25643065,99.07097690",Manually digitized with Google satellite imagery as reference
MORND-FLD-245,F245,Field,245,,99.0706754839497,24.2561353382954,EPSG:4490 (CGCS2000 geographic),"https://www.google.com/maps/search/?api=1&query=24.25613534,99.07067548",Manually digitized with Google satellite imagery as reference
MORND-FLD-246,F246,Field,246,,99.07035925426,24.256034139099,EPSG:4490 (CGCS2000 geographic),"https://www.google.com/maps/search/?api=1&query=24.25603414,99.07035925",Manually digitized with Google satellite imagery as reference
MORND-FLD-247,F247,Field,247,,99.0593521098093,24.2552747193247,EPSG:4490 (CGCS2000 geographic),"https://www.google.com/maps/search/?api=1&query=24.25527472,99.05935211",Manually digitized with Google satellite imagery as reference
MORND-FLD-248,F248,Field,248,,99.0591352620206,24.2538608437151,EPSG:4490 (CGCS2000 geographic),"https://www.google.com/maps/search/?api=1&query=24.25386084,99.05913526",Manually digitized with Google satellite imagery as reference
MORND-FLD-249,F249,Field,249,,99.0599611887217,24.2549235889533,EPSG:4490 (CGCS2000 geographic),"https://www.google.com/maps/search/?api=1&query=24.25492359,99.05996119",Manually digitized with Google satellite imagery as reference
MORND-FLD-250,F250,Field,250,,99.0595165296433,24.2536989015737,EPSG:4490 (CGCS2000 geographic),"https://www.google.com/maps/search/?api=1&query=24.25369890,99.05951653",Manually digitized with Google satellite imagery as reference
MORND-FLD-251,F251,Field,251,,99.0604194827596,24.2547652866097,EPSG:4490 (CGCS2000 geographic),"https://www.google.com/maps/search/?api=1&query=24.25476529,99.06041948",Manually digitized with Google satellite imagery as reference
MORND-FLD-252,F252,Field,252,,99.0598592366032,24.2536288361918,EPSG:4490 (CGCS2000 geographic),"https://www.google.com/maps/search/?api=1&query=24.25362884,99.05985924",Manually digitized with Google satellite imagery as reference
MORND-FLD-253,F253,Field,253,,99.0607975311242,24.2544642750752,EPSG:4490 (CGCS2000 geographic),"https://www.google.com/maps/search/?api=1&query=24.25446428,99.06079753",Manually digitized with Google satellite imagery as reference
MORND-FLD-254,F254,Field,254,,99.060541236602,24.2538664151261,EPSG:4490 (CGCS2000 geographic),"https://www.google.com/maps/search/?api=1&query=24.25386642,99.06054124",Manually digitized with Google satellite imagery as reference
MORND-FLD-255,F255,Field,255,,99.0609323686723,24.253920119119,EPSG:4490 (CGCS2000 geographic),"https://www.google.com/maps/search/?api=1&query=24.25392012,99.06093237",Manually digitized with Google satellite imagery as reference
MORND-FLD-256,F256,Field,256,,99.061522003054,24.2538298986214,EPSG:4490 (CGCS2000 geographic),"https://www.google.com/maps/search/?api=1&query=24.25382990,99.06152200",Manually digitized with Google satellite imagery as reference
MORND-FLD-257,F257,Field,257,,99.0620038728942,24.2538299804636,EPSG:4490 (CGCS2000 geographic),"https://www.google.com/maps/search/?api=1&query=24.25382998,99.06200387",Manually digitized with Google satellite imagery as reference
MORND-FLD-258,F258,Field,258,,99.0624507288818,24.2538021606014,EPSG:4490 (CGCS2000 geographic),"https://www.google.com/maps/search/?api=1&query=24.25380216,99.06245073",Manually digitized with Google satellite imagery as reference
MORND-FLD-259,F259,Field,259,,99.0627434832872,24.2539074569358,EPSG:4490 (CGCS2000 geographic),"https://www.google.com/maps/search/?api=1&query=24.25390746,99.06274348",Manually digitized with Google satellite imagery as reference
MORND-FLD-260,F260,Field,260,,99.0624025417082,24.2547374298223,EPSG:4490 (CGCS2000 geographic),"https://www.google.com/maps/search/?api=1&query=24.25473743,99.06240254",Manually digitized with Google satellite imagery as reference
MORND-FLD-261,F261,Field,261,,99.0623983291854,24.2544441730283,EPSG:4490 (CGCS2000 geographic),"https://www.google.com/maps/search/?api=1&query=24.25444417,99.06239833",Manually digitized with Google satellite imagery as reference
MORND-FLD-262,F262,Field,262,,99.0616268972848,24.254494120893,EPSG:4490 (CGCS2000 geographic),"https://www.google.com/maps/search/?api=1&query=24.25449412,99.06162690",Manually digitized with Google satellite imagery as reference
MORND-FLD-263,F263,Field,263,,99.0643792215847,24.2553204162059,EPSG:4490 (CGCS2000 geographic),"https://www.google.com/maps/search/?api=1&query=24.25532042,99.06437922",Manually digitized with Google satellite imagery as reference
MORND-FLD-264,F264,Field,264,,99.0638967292399,24.2549000466871,EPSG:4490 (CGCS2000 geographic),"https://www.google.com/maps/search/?api=1&query=24.25490005,99.06389673",Manually digitized with Google satellite imagery as reference
MORND-FLD-265,F265,Field,265,,99.0635114036559,24.2543847675703,EPSG:4490 (CGCS2000 geographic),"https://www.google.com/maps/search/?api=1&query=24.25438477,99.06351140",Manually digitized with Google satellite imagery as reference
MORND-FLD-266,F266,Field,266,,99.0630790178402,24.2558257806251,EPSG:4490 (CGCS2000 geographic),"https://www.google.com/maps/search/?api=1&query=24.25582578,99.06307902",Manually digitized with Google satellite imagery as reference
MORND-FLD-267,F267,Field,267,,99.0637774227185,24.2558822472691,EPSG:4490 (CGCS2000 geographic),"https://www.google.com/maps/search/?api=1&query=24.25588225,99.06377742",Manually digitized with Google satellite imagery as reference
MORND-FLD-268,F268,Field,268,,99.0646743872263,24.2558950116004,EPSG:4490 (CGCS2000 geographic),"https://www.google.com/maps/search/?api=1&query=24.25589501,99.06467439",Manually digitized with Google satellite imagery as reference
MORND-FLD-269,F269,Field,269,,99.0650317139684,24.2556367771936,EPSG:4490 (CGCS2000 geographic),"https://www.google.com/maps/search/?api=1&query=24.25563678,99.06503171",Manually digitized with Google satellite imagery as reference
MORND-FLD-270,F270,Field,270,,99.0629958033594,24.2435090762986,EPSG:4490 (CGCS2000 geographic),"https://www.google.com/maps/search/?api=1&query=24.24350908,99.06299580",Manually digitized with Google satellite imagery as reference
MORND-FLD-271,F271,Field,271,,99.0612958991152,24.243445606732,EPSG:4490 (CGCS2000 geographic),"https://www.google.com/maps/search/?api=1&query=24.24344561,99.06129590",Manually digitized with Google satellite imagery as reference
MORND-FLD-272,F272,Field,272,,99.0622922813983,24.245098529986,EPSG:4490 (CGCS2000 geographic),"https://www.google.com/maps/search/?api=1&query=24.24509853,99.06229228",Manually digitized with Google satellite imagery as reference
MORND-FLD-273,F273,Field,273,,99.0625329894783,24.2456919739701,EPSG:4490 (CGCS2000 geographic),"https://www.google.com/maps/search/?api=1&query=24.24569197,99.06253299",Manually digitized with Google satellite imagery as reference
MORND-FLD-274,F274,Field,274,,99.0610850945826,24.2421497533451,EPSG:4490 (CGCS2000 geographic),"https://www.google.com/maps/search/?api=1&query=24.24214975,99.06108509",Manually digitized with Google satellite imagery as reference
MORND-FLD-275,F275,Field,275,,99.0592982543853,24.2420218086477,EPSG:4490 (CGCS2000 geographic),"https://www.google.com/maps/search/?api=1&query=24.24202181,99.05929825",Manually digitized with Google satellite imagery as reference
MORND-FLD-276,F276,Field,276,,99.0590437666121,24.2433487347413,EPSG:4490 (CGCS2000 geographic),"https://www.google.com/maps/search/?api=1&query=24.24334873,99.05904377",Manually digitized with Google satellite imagery as reference
MORND-FLD-277,F277,Field,277,,99.0589970824882,24.2432062817839,EPSG:4490 (CGCS2000 geographic),"https://www.google.com/maps/search/?api=1&query=24.24320628,99.05899708",Manually digitized with Google satellite imagery as reference
MORND-FLD-278,F278,Field,278,,99.0591354723192,24.2437579345634,EPSG:4490 (CGCS2000 geographic),"https://www.google.com/maps/search/?api=1&query=24.24375793,99.05913547",Manually digitized with Google satellite imagery as reference
MORND-FLD-279,F279,Field,279,,99.059590350635,24.2438188739588,EPSG:4490 (CGCS2000 geographic),"https://www.google.com/maps/search/?api=1&query=24.24381887,99.05959035",Manually digitized with Google satellite imagery as reference
MORND-FLD-280,F280,Field,280,,99.0606098156339,24.2427886027441,EPSG:4490 (CGCS2000 geographic),"https://www.google.com/maps/search/?api=1&query=24.24278860,99.06060982",Manually digitized with Google satellite imagery as reference
MORND-FLD-281,F281,Field,281,,99.0601118296471,24.242194214143,EPSG:4490 (CGCS2000 geographic),"https://www.google.com/maps/search/?api=1&query=24.24219421,99.06011183",Manually digitized with Google satellite imagery as reference
MORND-FLD-282,F282,Field,282,,99.0596844891026,24.2420379342038,EPSG:4490 (CGCS2000 geographic),"https://www.google.com/maps/search/?api=1&query=24.24203793,99.05968449",Manually digitized with Google satellite imagery as reference
MORND-FLD-283,F283,Field,283,,99.0588496904978,24.2428431483613,EPSG:4490 (CGCS2000 geographic),"https://www.google.com/maps/search/?api=1&query=24.24284315,99.05884969",Manually digitized with Google satellite imagery as reference
MORND-FLD-284,F284,Field,284,,99.0583950571492,24.2429857109532,EPSG:4490 (CGCS2000 geographic),"https://www.google.com/maps/search/?api=1&query=24.24298571,99.05839506",Manually digitized with Google satellite imagery as reference
MORND-FLD-285,F285,Field,285,,99.0595862007323,24.2430114649412,EPSG:4490 (CGCS2000 geographic),"https://www.google.com/maps/search/?api=1&query=24.24301146,99.05958620",Manually digitized with Google satellite imagery as reference
MORND-FLD-286,F286,Field,286,,99.0609741974654,24.2427424055228,EPSG:4490 (CGCS2000 geographic),"https://www.google.com/maps/search/?api=1&query=24.24274241,99.06097420",Manually digitized with Google satellite imagery as reference
MORND-FLD-287,F287,Field,287,,99.0610029712932,24.2438469172869,EPSG:4490 (CGCS2000 geographic),"https://www.google.com/maps/search/?api=1&query=24.24384692,99.06100297",Manually digitized with Google satellite imagery as reference
MORND-FLD-288,F288,Field,288,,99.0615498186186,24.2428719179506,EPSG:4490 (CGCS2000 geographic),"https://www.google.com/maps/search/?api=1&query=24.24287192,99.06154982",Manually digitized with Google satellite imagery as reference
MORND-FLD-289,F289,Field,289,,99.0620578147489,24.2429440773535,EPSG:4490 (CGCS2000 geographic),"https://www.google.com/maps/search/?api=1&query=24.24294408,99.06205781",Manually digitized with Google satellite imagery as reference
MORND-FLD-290,F290,Field,290,,99.0622469118039,24.2431250184708,EPSG:4490 (CGCS2000 geographic),"https://www.google.com/maps/search/?api=1&query=24.24312502,99.06224691",Manually digitized with Google satellite imagery as reference
MORND-FLD-291,F291,Field,291,,99.0626994366868,24.2435877142282,EPSG:4490 (CGCS2000 geographic),"https://www.google.com/maps/search/?api=1&query=24.24358771,99.06269944",Manually digitized with Google satellite imagery as reference
MORND-FLD-292,F292,Field,292,,99.0615536271156,24.2438454936713,EPSG:4490 (CGCS2000 geographic),"https://www.google.com/maps/search/?api=1&query=24.24384549,99.06155363",Manually digitized with Google satellite imagery as reference
MORND-FLD-293,F293,Field,293,,99.0620299219284,24.2438938458601,EPSG:4490 (CGCS2000 geographic),"https://www.google.com/maps/search/?api=1&query=24.24389385,99.06202992",Manually digitized with Google satellite imagery as reference
MORND-FLD-294,F294,Field,294,,99.062646532708,24.2449332171489,EPSG:4490 (CGCS2000 geographic),"https://www.google.com/maps/search/?api=1&query=24.24493322,99.06264653",Manually digitized with Google satellite imagery as reference
MORND-FLD-295,F295,Field,295,,99.0624940657709,24.2452392178507,EPSG:4490 (CGCS2000 geographic),"https://www.google.com/maps/search/?api=1&query=24.24523922,99.06249407",Manually digitized with Google satellite imagery as reference
MORND-FLD-296,F296,Field,296,,99.0630780854286,24.2454317239596,EPSG:4490 (CGCS2000 geographic),"https://www.google.com/maps/search/?api=1&query=24.24543172,99.06307809",Manually digitized with Google satellite imagery as reference
MORND-FLD-297,F297,Field,297,,99.0630283579316,24.2448721317765,EPSG:4490 (CGCS2000 geographic),"https://www.google.com/maps/search/?api=1&query=24.24487213,99.06302836",Manually digitized with Google satellite imagery as reference
MORND-FLD-298,F298,Field,298,,99.0634324772499,24.2448648058341,EPSG:4490 (CGCS2000 geographic),"https://www.google.com/maps/search/?api=1&query=24.24486481,99.06343248",Manually digitized with Google satellite imagery as reference
MORND-FLD-299,F299,Field,299,,99.0638494111567,24.244975398062,EPSG:4490 (CGCS2000 geographic),"https://www.google.com/maps/search/?api=1&query=24.24497540,99.06384941",Manually digitized with Google satellite imagery as reference
MORND-FLD-300,F300,Field,300,,99.0671203854535,24.2434935019143,EPSG:4490 (CGCS2000 geographic),"https://www.google.com/maps/search/?api=1&query=24.24349350,99.06712039",Manually digitized with Google satellite imagery as reference
MORND-FLD-301,F301,Field,301,B,99.0697234618417,24.2442888578027,EPSG:4490 (CGCS2000 geographic),"https://www.google.com/maps/search/?api=1&query=24.24428886,99.06972346",Manually digitized with Google satellite imagery as reference
MORND-FLD-302,F302,Field,302,,99.0696411182244,24.246096994961,EPSG:4490 (CGCS2000 geographic),"https://www.google.com/maps/search/?api=1&query=24.24609699,99.06964112",Manually digitized with Google satellite imagery as reference
MORND-FLD-303,F303,Field,303,,99.0698853150415,24.2456303246906,EPSG:4490 (CGCS2000 geographic),"https://www.google.com/maps/search/?api=1&query=24.24563032,99.06988532",Manually digitized with Google satellite imagery as reference
MORND-FLD-304,F304,Field,304,,99.0693751373268,24.245240713579,EPSG:4490 (CGCS2000 geographic),"https://www.google.com/maps/search/?api=1&query=24.24524071,99.06937514",Manually digitized with Google satellite imagery as reference
MORND-FLD-305,F305,Field,305,,99.0698869088029,24.2452631496139,EPSG:4490 (CGCS2000 geographic),"https://www.google.com/maps/search/?api=1&query=24.24526315,99.06988691",Manually digitized with Google satellite imagery as reference
MORND-FLD-306,F306,Field,306,,99.0703166318151,24.245333527642,EPSG:4490 (CGCS2000 geographic),"https://www.google.com/maps/search/?api=1&query=24.24533353,99.07031663",Manually digitized with Google satellite imagery as reference
MORND-FLD-307,F307,Field,307,,99.0682263251963,24.2434502925014,EPSG:4490 (CGCS2000 geographic),"https://www.google.com/maps/search/?api=1&query=24.24345029,99.06822633",Manually digitized with Google satellite imagery as reference
MORND-FLD-308,F308,Field,308,,99.0682968437109,24.2440101293816,EPSG:4490 (CGCS2000 geographic),"https://www.google.com/maps/search/?api=1&query=24.24401013,99.06829684",Manually digitized with Google satellite imagery as reference
MORND-FLD-309,F309,Field,309,,99.0652401470768,24.2434300119117,EPSG:4490 (CGCS2000 geographic),"https://www.google.com/maps/search/?api=1&query=24.24343001,99.06524015",Manually digitized with Google satellite imagery as reference
MORND-FLD-310,F310,Field,310,,99.0662355677121,24.2439663795866,EPSG:4490 (CGCS2000 geographic),"https://www.google.com/maps/search/?api=1&query=24.24396638,99.06623557",Manually digitized with Google satellite imagery as reference
MORND-FLD-311,F311,Field,311,,99.0684687146356,24.2444236875271,EPSG:4490 (CGCS2000 geographic),"https://www.google.com/maps/search/?api=1&query=24.24442369,99.06846871",Manually digitized with Google satellite imagery as reference
MORND-FLD-312,F312,Field,312,,99.068141252422,24.2448937657292,EPSG:4490 (CGCS2000 geographic),"https://www.google.com/maps/search/?api=1&query=24.24489377,99.06814125",Manually digitized with Google satellite imagery as reference
MORND-FLD-313,F313,Field,313,,99.0642076803861,24.2426899660363,EPSG:4490 (CGCS2000 geographic),"https://www.google.com/maps/search/?api=1&query=24.24268997,99.06420768",Manually digitized with Google satellite imagery as reference
MORND-FLD-314,F314,Field,314,,99.0641441052656,24.2422304702033,EPSG:4490 (CGCS2000 geographic),"https://www.google.com/maps/search/?api=1&query=24.24223047,99.06414411",Manually digitized with Google satellite imagery as reference
MORND-FLD-315,F315,Field,315,,99.0645738412937,24.242543611094,EPSG:4490 (CGCS2000 geographic),"https://www.google.com/maps/search/?api=1&query=24.24254361,99.06457384",Manually digitized with Google satellite imagery as reference
MORND-FLD-316,F316,Field,316,,99.0647099948332,24.2429189667274,EPSG:4490 (CGCS2000 geographic),"https://www.google.com/maps/search/?api=1&query=24.24291897,99.06470999",Manually digitized with Google satellite imagery as reference
MORND-FLD-317,F317,Field,317,,99.0665568561292,24.2438947002891,EPSG:4490 (CGCS2000 geographic),"https://www.google.com/maps/search/?api=1&query=24.24389470,99.06655686",Manually digitized with Google satellite imagery as reference
MORND-FLD-318,F318,Field,318,,99.0645298299496,24.2442671681454,EPSG:4490 (CGCS2000 geographic),"https://www.google.com/maps/search/?api=1&query=24.24426717,99.06452983",Manually digitized with Google satellite imagery as reference
MORND-FLD-319,F319,Field,319,,99.0648132746108,24.2440479763377,EPSG:4490 (CGCS2000 geographic),"https://www.google.com/maps/search/?api=1&query=24.24404798,99.06481327",Manually digitized with Google satellite imagery as reference
MORND-FLD-320,F320,Field,320,,99.0643978613062,24.243561297367,EPSG:4490 (CGCS2000 geographic),"https://www.google.com/maps/search/?api=1&query=24.24356130,99.06439786",Manually digitized with Google satellite imagery as reference
MORND-FLD-321,F321,Field,321,,99.0649615536143,24.2433180403664,EPSG:4490 (CGCS2000 geographic),"https://www.google.com/maps/search/?api=1&query=24.24331804,99.06496155",Manually digitized with Google satellite imagery as reference
MORND-FLD-322,F322,Field,322,,99.0647674192449,24.2436569866325,EPSG:4490 (CGCS2000 geographic),"https://www.google.com/maps/search/?api=1&query=24.24365699,99.06476742",Manually digitized with Google satellite imagery as reference
MORND-FLD-323,F323,Field,323,,99.0661931876314,24.2444208297069,EPSG:4490 (CGCS2000 geographic),"https://www.google.com/maps/search/?api=1&query=24.24442083,99.06619319",Manually digitized with Google satellite imagery as reference
MORND-FLD-324,F324,Field,324,,99.0666570921132,24.2445395717967,EPSG:4490 (CGCS2000 geographic),"https://www.google.com/maps/search/?api=1&query=24.24453957,99.06665709",Manually digitized with Google satellite imagery as reference
MORND-FLD-325,F325,Field,325,,99.0666500351029,24.2439857838028,EPSG:4490 (CGCS2000 geographic),"https://www.google.com/maps/search/?api=1&query=24.24398578,99.06665004",Manually digitized with Google satellite imagery as reference
MORND-FLD-326,F326,Field,326,,99.0671661121819,24.2431436213993,EPSG:4490 (CGCS2000 geographic),"https://www.google.com/maps/search/?api=1&query=24.24314362,99.06716611",Manually digitized with Google satellite imagery as reference
MORND-FLD-327,F327,Field,327,,99.0675593898752,24.2432715474152,EPSG:4490 (CGCS2000 geographic),"https://www.google.com/maps/search/?api=1&query=24.24327155,99.06755939",Manually digitized with Google satellite imagery as reference
MORND-FLD-328,F328,Field,328,,99.066002721197,24.2432095897975,EPSG:4490 (CGCS2000 geographic),"https://www.google.com/maps/search/?api=1&query=24.24320959,99.06600272",Manually digitized with Google satellite imagery as reference
MORND-FLD-329,F329,Field,329,,99.0656673377311,24.2431860018102,EPSG:4490 (CGCS2000 geographic),"https://www.google.com/maps/search/?api=1&query=24.24318600,99.06566734",Manually digitized with Google satellite imagery as reference
MORND-FLD-330,F330,Field,330,,99.0657690098458,24.2439003450894,EPSG:4490 (CGCS2000 geographic),"https://www.google.com/maps/search/?api=1&query=24.24390035,99.06576901",Manually digitized with Google satellite imagery as reference
MORND-FLD-331,F331,Field,331,,99.0710912955301,24.2465811058214,EPSG:4490 (CGCS2000 geographic),"https://www.google.com/maps/search/?api=1&query=24.24658111,99.07109130",Manually digitized with Google satellite imagery as reference
MORND-FLD-332,F332,Field,332,,99.0718067317759,24.2467781041908,EPSG:4490 (CGCS2000 geographic),"https://www.google.com/maps/search/?api=1&query=24.24677810,99.07180673",Manually digitized with Google satellite imagery as reference
MORND-FLD-333,F333,Field,333,,99.0734827065494,24.2456482678332,EPSG:4490 (CGCS2000 geographic),"https://www.google.com/maps/search/?api=1&query=24.24564827,99.07348271",Manually digitized with Google satellite imagery as reference
MORND-FLD-334,F334,Field,334,,99.0730355092803,24.245839252959,EPSG:4490 (CGCS2000 geographic),"https://www.google.com/maps/search/?api=1&query=24.24583925,99.07303551",Manually digitized with Google satellite imagery as reference
MORND-FLD-335,F335,Field,335,,99.0710450530313,24.2468303887732,EPSG:4490 (CGCS2000 geographic),"https://www.google.com/maps/search/?api=1&query=24.24683039,99.07104505",Manually digitized with Google satellite imagery as reference
MORND-FLD-336,F336,Field,336,,99.0705257622624,24.2468838432324,EPSG:4490 (CGCS2000 geographic),"https://www.google.com/maps/search/?api=1&query=24.24688384,99.07052576",Manually digitized with Google satellite imagery as reference
