ScaleR,InstanceNumber,InstanceID,MethodOrder,MethodID,MethodLabel,RunCount,J_Mean,J_SD,L3D_Mean_m,L3D_SD_m,Hplus_Mean_m,Hplus_SD_m,FlightTime_Mean_s,FlightTime_SD_s,TransferEnergy_Mean_kJ,TransferEnergy_SD_kJ,TransferLength_Mean_m,TransferLength_SD_m,DetourCount_Mean,UnsafeStraightCount_Mean,MinimumTransferClearance_Mean_m,Improvement_Mean_pct,Improvement_SD_pct,Gap_Mean_pct,Gap_SD_pct,Runtime_Mean_s,Runtime_SD_s,Generations_Mean,J_MeanPlusMinusSD,L3D_MeanPlusMinusSD_m,Hplus_MeanPlusMinusSD_m,FlightTime_MeanPlusMinusSD_s,TransferEnergy_MeanPlusMinusSD_kJ,Improvement_MeanPlusMinusSD_pct,Gap_MeanPlusMinusSD_pct,Runtime_MeanPlusMinusSD_s
5,1,R05_I01,1,FIXED,Fixed order + fixed direction,1,255.062434601415,0,6722.49523264759,0,386.117880355365,0,913.480498981728,0,95.2772612794328,0,4308.14389794514,0,5,5,25,0,0,9.60303978596864,0,8.72e-05,0,0,255.062 ± 0.000,6722.495 ± 0.000,386.118 ± 0.000,913.480 ± 0.000,95.277 ± 0.000,0.000 ± 0.000,9.603 ± 0.000,0.0001 ± 0.0000
5,1,R05_I01,2,NN_DP,Nearest neighbour-DP,1,239.517470087463,0,5980.18769933321,0,354.45159493301,0,855.042283950989,0,79.7805615503188,0,3565.83636463077,0,4,4,25,6.0945723105968,0,2.9232032716006,0,0.0039528,0,0,239.517 ± 0.000,5980.188 ± 0.000,354.452 ± 0.000,855.042 ± 0.000,79.781 ± 0.000,6.095 ± 0.000,2.923 ± 0.000,0.0040 ± 0.0000
5,1,R05_I01,3,JOINT_GA,Joint-encoding GA,20,232.714745046759,2.9160058604849e-14,5834.31836575755,1.86624375071033e-12,289.436287099597,5.8320117209698e-14,841.678173057202,4.66560937677584e-13,73.0856591808328,1.45800293024245e-14,3419.96703105511,4.66560937677584e-13,4,4,25,8.76165460804859,1.82250366280306e-15,0,0,0.265463245,0.0325820739883706,150,232.715 ± 0.000,5834.318 ± 0.000,289.436 ± 0.000,841.678 ± 0.000,73.086 ± 0.000,8.762 ± 0.000,0.000 ± 0.000,0.2655 ± 0.0326
5,1,R05_I01,4,GA_DP,Proposed GA-DP,20,232.714745046759,2.9160058604849e-14,5834.31836575755,1.86624375071033e-12,289.436287099597,5.8320117209698e-14,841.678173057202,4.66560937677584e-13,73.0856591808328,1.45800293024245e-14,3419.96703105511,4.66560937677584e-13,4,4,25,8.76165460804859,1.82250366280306e-15,0,0,0.139889135,0.0125532426305035,150,232.715 ± 0.000,5834.318 ± 0.000,289.436 ± 0.000,841.678 ± 0.000,73.086 ± 0.000,8.762 ± 0.000,0.000 ± 0.000,0.1399 ± 0.0126
5,1,R05_I01,5,EXACT,Exact optimum,1,232.714745046759,0,5834.31836575755,0,289.436287099597,0,841.678173057203,0,73.0856591808328,0,3419.96703105511,0,4,4,25,8.76165460804858,0,0,0,0.0278539,0,0,232.715 ± 0.000,5834.318 ± 0.000,289.436 ± 0.000,841.678 ± 0.000,73.086 ± 0.000,8.762 ± 0.000,0.000 ± 0.000,0.0279 ± 0.0000
5,2,R05_I02,1,FIXED,Fixed order + fixed direction,1,241.48726498885,0,6399.13867258781,0,252.774128671458,0,907.528345208486,0,82.3057590356318,0,3992.23042277678,0,5,4,28.2695353204216,0,0,10.7457535422222,0,6.69e-05,0,0,241.487 ± 0.000,6399.139 ± 0.000,252.774 ± 0.000,907.528 ± 0.000,82.306 ± 0.000,0.000 ± 0.000,10.746 ± 0.000,0.0001 ± 0.0000
5,2,R05_I02,2,NN_DP,Nearest neighbour-DP,1,224.703169685233,0,5587.97217287817,0,208.774955201094,0,833.484854083825,0,65.575926503683,0,3181.06392306713,0,4,2,25.204433963884,6.95030245358553,0,3.04858871653533,0,0.0003288,0,0,224.703 ± 0.000,5587.972 ± 0.000,208.775 ± 0.000,833.485 ± 0.000,65.576 ± 0.000,6.950 ± 0.000,3.049 ± 0.000,0.0003 ± 0.0000
5,2,R05_I02,3,JOINT_GA,Joint-encoding GA,20,218.224983931133,0.521498296531238,5161.12226222274,50.3782802553159,247.699812722141,13.3120203915312,793.294019915219,7.55993401895493,59.0657819790834,0.494271084144105,2754.21401241171,50.3782802553159,3,2.1,25.204433963884,9.6329224892215,0.215952711442286,0.0777009433956589,0.23915845758162,0.25665919,0.0176202226125163,150,218.225 ± 0.521,5161.122 ± 50.378,247.700 ± 13.312,793.294 ± 7.560,59.066 ± 0.494,9.633 ± 0.216,0.078 ± 0.239,0.2567 ± 0.0176
5,2,R05_I02,4,GA_DP,Proposed GA-DP,20,218.055552709551,5.8320117209698e-14,5144.75470431962,1.86624375071033e-12,252.024796891146,1.45800293024245e-13,790.837849177117,2.33280468838792e-13,58.9051966921588,3.64500732560612e-14,2737.84645450859,9.33121875355167e-13,3,2,25.204433963884,9.70308404477589,1.82250366280306e-15,0,0,0.13557834,0.00929403555328277,150,218.056 ± 0.000,5144.755 ± 0.000,252.025 ± 0.000,790.838 ± 0.000,58.905 ± 0.000,9.703 ± 0.000,0.000 ± 0.000,0.1356 ± 0.0093
5,2,R05_I02,5,EXACT,Exact optimum,1,218.055552709551,0,5144.75470431962,0,252.024796891146,0,790.837849177117,0,58.9051966921588,0,2737.84645450859,0,3,2,25.204433963884,9.70308404477589,0,0,0,0.0036783,0,0,218.056 ± 0.000,5144.755 ± 0.000,252.025 ± 0.000,790.838 ± 0.000,58.905 ± 0.000,9.703 ± 0.000,0.000 ± 0.000,0.0037 ± 0.0000
5,3,R05_I03,1,FIXED,Fixed order + fixed direction,1,235.684298738876,0,5759.96765663558,0,315.404947414444,0,858.306554328194,0,76.8640941824317,0,3356.38936945403,0,5,5,25,0,0,14.9636970637436,0,3.71e-05,0,0,235.684 ± 0.000,5759.968 ± 0.000,315.405 ± 0.000,858.307 ± 0.000,76.864 ± 0.000,0.000 ± 0.000,14.964 ± 0.000,0.0000 ± 0.0000
5,3,R05_I03,2,NN_DP,Nearest neighbour-DP,1,210.280098481579,0,4712.39016128914,0,240.304392928931,0,761.703537297883,0,51.559286206541,0,2308.81187410759,0,2,2,26.5358989847173,10.7789107688686,0,2.5718627406502,0,0.0001072,0,0,210.280 ± 0.000,4712.390 ± 0.000,240.304 ± 0.000,761.704 ± 0.000,51.559 ± 0.000,10.779 ± 0.000,2.572 ± 0.000,0.0001 ± 0.0000
5,3,R05_I03,3,JOINT_GA,Joint-encoding GA,20,205.222129515845,0.959473169947038,4584.85932504941,7.07590584563871,199.349469835644,7.71903440030925,758.146159821227,1.44899956226023,46.3750804886953,0.98661287242076,2181.28103786786,7.07590584563851,2.05,1.05,25,12.9249888032555,0.407101013975512,0.104652090446181,0.468018376450235,0.249545105,0.00107553450529444,150,205.222 ± 0.959,4584.859 ± 7.076,199.349 ± 7.719,758.146 ± 1.449,46.375 ± 0.987,12.925 ± 0.407,0.105 ± 0.468,0.2495 ± 0.0011
5,3,R05_I03,4,GA_DP,Proposed GA-DP,20,205.007584792787,2.9160058604849e-14,4583.27710440209,9.33121875355167e-13,197.623441271669,5.8320117209698e-14,757.822153669169,1.16640234419396e-13,46.1544671436744,0,2179.69881722054,4.66560937677584e-13,2,1,25,13.0160193573513,3.64500732560612e-15,0,0,0.132387395,0.00120548976789519,150,205.008 ± 0.000,4583.277 ± 0.000,197.623 ± 0.000,757.822 ± 0.000,46.154 ± 0.000,13.016 ± 0.000,0.000 ± 0.000,0.1324 ± 0.0012
5,3,R05_I03,5,EXACT,Exact optimum,1,205.007584792787,0,4583.27710440209,0,197.623441271669,0,757.822153669169,0,46.1544671436744,0,2179.69881722054,0,2,1,25,13.0160193573513,0,0,0,0.0011352,0,0,205.008 ± 0.000,4583.277 ± 0.000,197.623 ± 0.000,757.822 ± 0.000,46.154 ± 0.000,13.016 ± 0.000,0.000 ± 0.000,0.0011 ± 0.0000
5,4,R05_I04,1,FIXED,Fixed order + fixed direction,1,260.451771683464,0,6968.58760853055,0,411.63524584514,0,927.396574088252,0,101.052981965371,0,4559.60199498767,0,5,5,25,0,0,23.8055336055629,0,4.99e-05,0,0,260.452 ± 0.000,6968.588 ± 0.000,411.635 ± 0.000,927.397 ± 0.000,101.053 ± 0.000,0.000 ± 0.000,23.806 ± 0.000,0.0000 ± 0.0000
5,4,R05_I04,2,NN_DP,Nearest neighbour-DP,1,218.556911977577,0,5288.18999011283,0,217.21300723871,0,806.166008484631,0,59.3170724272714,0,2879.20437656996,0,3,3,25,16.085457754844,0,3.89084679928079,0,9.96e-05,0,0,218.557 ± 0.000,5288.190 ± 0.000,217.213 ± 0.000,806.166 ± 0.000,59.317 ± 0.000,16.085 ± 0.000,3.891 ± 0.000,0.0001 ± 0.0000
5,4,R05_I04,3,JOINT_GA,Joint-encoding GA,20,210.371672491835,2.9160058604849e-14,4931.67240802744,1.86624375071033e-12,183.264602236482,0,780.619842248856,1.16640234419396e-13,51.1438903412191,1.45800293024245e-14,2522.68679448456,9.33121875355167e-13,2,2,25,19.2281660700287,3.64500732560612e-15,0,0,0.249720715,0.00148615719657143,150,210.372 ± 0.000,4931.672 ± 0.000,183.265 ± 0.000,780.620 ± 0.000,51.144 ± 0.000,19.228 ± 0.000,0.000 ± 0.000,0.2497 ± 0.0015
5,4,R05_I04,4,GA_DP,Proposed GA-DP,20,210.371672491835,2.9160058604849e-14,4931.67240802744,1.86624375071033e-12,183.264602236482,0,780.619842248856,1.16640234419396e-13,51.1438903412191,1.45800293024245e-14,2522.68679448456,9.33121875355167e-13,2,2,25,19.2281660700287,3.64500732560612e-15,0,0,0.131906625,0.00127407304957679,150,210.372 ± 0.000,4931.672 ± 0.000,183.265 ± 0.000,780.620 ± 0.000,51.144 ± 0.000,19.228 ± 0.000,0.000 ± 0.000,0.1319 ± 0.0013
5,4,R05_I04,5,EXACT,Exact optimum,1,210.371672491835,0,4931.67240802744,0,183.264602236482,0,780.619842248856,0,51.1438903412191,0,2522.68679448456,0,2,2,25,19.2281660700287,0,0,0,0.0009185,0,0,210.372 ± 0.000,4931.672 ± 0.000,183.265 ± 0.000,780.620 ± 0.000,51.144 ± 0.000,19.228 ± 0.000,0.000 ± 0.000,0.0009 ± 0.0000
5,5,R05_I05,1,FIXED,Fixed order + fixed direction,1,289.171006435731,0,8224.36606712463,0,502.958494461959,0,1018.93615849834,0,128.707037091463,0,5800.92346293986,0,5,5,25,0,0,28.8417347365258,0,0.0001461,0,0,289.171 ± 0.000,8224.366 ± 0.000,502.958 ± 0.000,1018.936 ± 0.000,128.707 ± 0.000,0.000 ± 0.000,28.842 ± 0.000,0.0001 ± 0.0000
5,5,R05_I05,2,NN_DP,Nearest neighbour-DP,1,229.737670869628,0,5794.57485139433,0,223.508530450431,0,850.813539356963,0,69.621625509397,0,3371.13224720955,0,3,3,25,20.5530064368026,0,2.36088470283957,0,0.0003659,0,0,229.738 ± 0.000,5794.575 ± 0.000,223.509 ± 0.000,850.814 ± 0.000,69.622 ± 0.000,20.553 ± 0.000,2.361 ± 0.000,0.0004 ± 0.0000
5,5,R05_I05,3,JOINT_GA,Joint-encoding GA,20,224.622272431432,0.564327553698968,5367.4410545655,51.4725038780635,286.524768415689,19.5959305891929,808.391721646414,8.36093944378738,64.4278910191263,0.578881598939635,2943.99845038073,51.4725038780631,3.05,3.05,25.9530077759676,22.3219937572283,0.195153573885144,0.0816907519338308,0.251439249993947,0.2500454,0.00331905578852908,150,224.622 ± 0.564,5367.441 ± 51.473,286.525 ± 19.596,808.392 ± 8.361,64.428 ± 0.579,22.322 ± 0.195,0.082 ± 0.251,0.2500 ± 0.0033
5,5,R05_I05,4,GA_DP,Proposed GA-DP,20,224.438926584673,1.16640234419396e-13,5350.8539414111,1.86624375071033e-12,292.798666158726,0,805.690737517421,3.49920703258188e-13,64.2398621499139,0,2927.41133722634,4.66560937677584e-13,3,3,26.0520858374807,22.3853977094499,0,0,0,0.13210321,0.00158887944324228,150,224.439 ± 0.000,5350.854 ± 0.000,292.799 ± 0.000,805.691 ± 0.000,64.240 ± 0.000,22.385 ± 0.000,0.000 ± 0.000,0.1321 ± 0.0016
5,5,R05_I05,5,EXACT,Exact optimum,1,224.438926584673,0,5350.85394141111,0,292.798666158726,0,805.690737517421,0,64.2398621499139,0,2927.41133722634,0,3,3,26.0520858374807,22.3853977094499,0,0,0,0.0030636,0,0,224.439 ± 0.000,5350.854 ± 0.000,292.799 ± 0.000,805.691 ± 0.000,64.240 ± 0.000,22.385 ± 0.000,0.000 ± 0.000,0.0031 ± 0.0000
5,6,R05_I06,1,FIXED,Fixed order + fixed direction,1,280.363690699516,0,7744.92196840069,0,376.370480745548,0,1032.14680592837,0,120.786719885528,0,5329.50400706174,0,5,5,25,0,0,21.9477601434271,0,1.72e-05,0,0,280.364 ± 0.000,7744.922 ± 0.000,376.370 ± 0.000,1032.147 ± 0.000,120.787 ± 0.000,0.000 ± 0.000,21.948 ± 0.000,0.0000 ± 0.0000
5,6,R05_I06,2,NN_DP,Nearest neighbour-DP,1,246.775104577662,0,6176.30008803692,0,380.28185955868,0,870.029254098398,0,87.2883346350116,0,3760.88212669797,0,4,4,25.2727867387227,11.9803623778993,0,7.33797656651309,0,8.65e-05,0,0,246.775 ± 0.000,6176.300 ± 0.000,380.282 ± 0.000,870.029 ± 0.000,87.288 ± 0.000,11.980 ± 0.000,7.338 ± 0.000,0.0001 ± 0.0000
5,6,R05_I06,3,JOINT_GA,Joint-encoding GA,20,229.950372429262,0.204038466702337,5632.90494196636,64.6090312272579,274.224815927499,10.5876136306217,839.025705005709,3.11292846935735,70.4460032018813,0.211838443368904,3217.4869806274,64.6090312272581,3,3,25,17.9814005674101,0.0727763520993951,0.0198449090529301,0.0887491312993056,0.24912307,0.0036256633910732,150,229.950 ± 0.204,5632.905 ± 64.609,274.225 ± 10.588,839.026 ± 3.113,70.446 ± 0.212,17.981 ± 0.073,0.020 ± 0.089,0.2491 ± 0.0036
5,6,R05_I06,4,GA_DP,Proposed GA-DP,20,229.904748041104,0,5618.4579233879,1.86624375071033e-12,276.592278307257,1.16640234419396e-13,838.329633039051,2.33280468838792e-13,70.3986346859192,0,3203.03996204895,9.33121875355167e-13,3,3,25,17.997673854455,0,0,0,0.1314402,0.00164205588724687,150,229.905 ± 0.000,5618.458 ± 0.000,276.592 ± 0.000,838.330 ± 0.000,70.399 ± 0.000,17.998 ± 0.000,0.000 ± 0.000,0.1314 ± 0.0016
5,6,R05_I06,5,EXACT,Exact optimum,1,229.904748041104,0,5618.4579233879,0,276.592278307257,0,838.329633039052,0,70.3986346859192,0,3203.03996204895,0,3,3,25,17.997673854455,0,0,0,0.000748,0,0,229.905 ± 0.000,5618.458 ± 0.000,276.592 ± 0.000,838.330 ± 0.000,70.399 ± 0.000,17.998 ± 0.000,0.000 ± 0.000,0.0007 ± 0.0000
5,7,R05_I07,1,FIXED,Fixed order + fixed direction,1,267.019280138012,0,7206.06926787373,0,440.076191697322,0,945.690784942312,0,105.966144506426,0,4772.9664852404,0,4,4,25.8913888061952,0,0,14.2860922705622,0,1.86e-05,0,0,267.019 ± 0.000,7206.069 ± 0.000,440.076 ± 0.000,945.691 ± 0.000,105.966 ± 0.000,0.000 ± 0.000,14.286 ± 0.000,0.0000 ± 0.0000
5,7,R05_I07,2,NN_DP,Nearest neighbour-DP,1,238.021770033851,0,5938.64107556468,0,313.989163447175,0,868.417098909039,0,77.0574972161726,0,3505.53829293135,0,3,3,25,10.8597064935438,0,1.8749580870385,0,8.91e-05,0,0,238.022 ± 0.000,5938.641 ± 0.000,313.989 ± 0.000,868.417 ± 0.000,77.057 ± 0.000,10.860 ± 0.000,1.875 ± 0.000,0.0001 ± 0.0000
5,7,R05_I07,3,JOINT_GA,Joint-encoding GA,20,233.641097383807,1.16640234419396e-13,5813.28690384912,2.7993656260655e-12,298.195564337596,5.8320117209698e-14,850.430725694287,1.16640234419396e-13,72.7487215784381,1.45800293024245e-14,3380.1841212158,4.66560937677584e-13,3,3,25,12.5002893936921,5.46751098840918e-15,0,0,0.2483441,0.00310208868939012,150,233.641 ± 0.000,5813.287 ± 0.000,298.196 ± 0.000,850.431 ± 0.000,72.749 ± 0.000,12.500 ± 0.000,0.000 ± 0.000,0.2483 ± 0.0031
5,7,R05_I07,4,GA_DP,Proposed GA-DP,20,233.641097383807,1.16640234419396e-13,5813.28690384912,2.7993656260655e-12,298.195564337596,5.8320117209698e-14,850.430725694287,1.16640234419396e-13,72.7487215784381,1.45800293024245e-14,3380.1841212158,4.66560937677584e-13,3,3,25,12.5002893936921,5.46751098840918e-15,0,0,0.13121595,0.0018953713299565,150,233.641 ± 0.000,5813.287 ± 0.000,298.196 ± 0.000,850.431 ± 0.000,72.749 ± 0.000,12.500 ± 0.000,0.000 ± 0.000,0.1312 ± 0.0019
5,7,R05_I07,5,EXACT,Exact optimum,1,233.641097383808,0,5813.28690384913,0,298.195564337596,0,850.430725694287,0,72.7487215784382,0,3380.1841212158,0,3,3,25,12.5002893936921,0,0,0,0.0005287,0,0,233.641 ± 0.000,5813.287 ± 0.000,298.196 ± 0.000,850.431 ± 0.000,72.749 ± 0.000,12.500 ± 0.000,0.000 ± 0.000,0.0005 ± 0.0000
5,8,R05_I08,1,FIXED,Fixed order + fixed direction,1,224.715944262356,0,5307.63798371272,0,266.22436015254,0,812.976302349044,0,64.7438112437402,0,2883.98192569939,0,5,4,25,0,0,11.2567816523206,0,1.74e-05,0,0,224.716 ± 0.000,5307.638 ± 0.000,266.224 ± 0.000,812.976 ± 0.000,64.744 ± 0.000,0.000 ± 0.000,11.257 ± 0.000,0.0000 ± 0.0000
5,8,R05_I08,2,NN_DP,Nearest neighbour-DP,1,208.70129897322,0,4404.86728957725,0,268.23586819713,0,748.958047506006,0,48.7946756365376,0,1981.21123156391,0,4,2,25,7.12661726861678,0,3.32793663857907,0,8.56e-05,0,0,208.701 ± 0.000,4404.867 ± 0.000,268.236 ± 0.000,748.958 ± 0.000,48.795 ± 0.000,7.127 ± 0.000,3.328 ± 0.000,0.0001 ± 0.0000
5,8,R05_I08,3,JOINT_GA,Joint-encoding GA,20,202.188932874046,0.427560067503327,4236.90534598191,40.8021756208213,245.682297787169,5.88700257691811,734.539177704625,0.863704359086062,42.0273003720069,0.50008580937097,1813.24928796858,40.8021756208212,2.75,1.75,25.0778544396807,10.0246608945603,0.190266902914619,0.103666569474127,0.211684832732351,0.255703975,0.0149945281285111,150,202.189 ± 0.428,4236.905 ± 40.802,245.682 ± 5.887,734.539 ± 0.864,42.027 ± 0.500,10.025 ± 0.190,0.104 ± 0.212,0.2557 ± 0.0150
5,8,R05_I08,4,GA_DP,Proposed GA-DP,20,201.979547606004,5.8320117209698e-14,4217.53408798864,1.86624375071033e-12,246.917680320645,2.9160058604849e-14,734.146583229178,1.16640234419396e-13,41.787469364363,7.29001465121225e-15,1793.8780299753,0,3,2,25,10.1178386478033,0,0,0,0.14004869,0.0161868095078711,150,201.980 ± 0.000,4217.534 ± 0.000,246.918 ± 0.000,734.147 ± 0.000,41.787 ± 0.000,10.118 ± 0.000,0.000 ± 0.000,0.1400 ± 0.0162
5,8,R05_I08,5,EXACT,Exact optimum,1,201.979547606004,0,4217.53408798864,0,246.917680320645,0,734.146583229178,0,41.787469364363,0,1793.8780299753,0,3,2,25,10.1178386478033,0,0,0,0.0005989,0,0,201.980 ± 0.000,4217.534 ± 0.000,246.918 ± 0.000,734.147 ± 0.000,41.787 ± 0.000,10.118 ± 0.000,0.000 ± 0.000,0.0006 ± 0.0000
5,9,R05_I09,1,FIXED,Fixed order + fixed direction,1,267.154658669867,0,7047.40942104504,0,421.558316526323,0,948.455927682016,0,106.251763484236,0,4615.12487111527,0,5,4,25,0,0,11.9921243031446,0,1.79e-05,0,0,267.155 ± 0.000,7047.409 ± 0.000,421.558 ± 0.000,948.456 ± 0.000,106.252 ± 0.000,0.000 ± 0.000,11.992 ± 0.000,0.0000 ± 0.0000
5,9,R05_I09,2,NN_DP,Nearest neighbour-DP,1,243.176361058811,0,6124.76964767398,0,376.267950622945,0,861.706923637117,0,82.0710300427498,0,3692.48509774422,0,3,2,25,8.9754368239136,0,1.94034193855712,0,8.48e-05,0,0,243.176 ± 0.000,6124.770 ± 0.000,376.268 ± 0.000,861.707 ± 0.000,82.071 ± 0.000,8.975 ± 0.000,1.940 ± 0.000,0.0001 ± 0.0000
5,9,R05_I09,3,JOINT_GA,Joint-encoding GA,20,238.547719611714,8.7480175814547e-14,5858.41393678243,1.86624375071033e-12,346.227707777401,1.74960351629094e-13,853.652354146811,4.66560937677584e-13,77.8055842522986,2.9160058604849e-14,3426.12938685266,0,4,3,25,10.708006815447,5.46751098840918e-15,0,0,0.253851345,0.00629393693172246,150,238.548 ± 0.000,5858.414 ± 0.000,346.228 ± 0.000,853.652 ± 0.000,77.806 ± 0.000,10.708 ± 0.000,0.000 ± 0.000,0.2539 ± 0.0063
5,9,R05_I09,4,GA_DP,Proposed GA-DP,20,238.547719611714,8.7480175814547e-14,5858.41393678243,1.86624375071033e-12,346.227707777401,1.74960351629094e-13,853.652354146811,4.66560937677584e-13,77.8055842522986,2.9160058604849e-14,3426.12938685266,0,4,3,25,10.708006815447,5.46751098840918e-15,0,0,0.135320895,0.00469673686773173,150,238.548 ± 0.000,5858.414 ± 0.000,346.228 ± 0.000,853.652 ± 0.000,77.806 ± 0.000,10.708 ± 0.000,0.000 ± 0.000,0.1353 ± 0.0047
5,9,R05_I09,5,EXACT,Exact optimum,1,238.547719611714,0,5858.41393678243,0,346.227707777401,0,853.652354146811,0,77.8055842522987,0,3426.12938685266,0,4,3,25,10.708006815447,0,0,0,0.0005092,0,0,238.548 ± 0.000,5858.414 ± 0.000,346.228 ± 0.000,853.652 ± 0.000,77.806 ± 0.000,10.708 ± 0.000,0.000 ± 0.000,0.0005 ± 0.0000
5,10,R05_I10,1,FIXED,Fixed order + fixed direction,1,236.742618014728,0,6051.30216813873,0,212.817561294842,0,897.602141454579,0,77.2006389778771,0,3638.01774825557,0,5,5,25,0,0,16.8640380350501,0,1.75e-05,0,0,236.743 ± 0.000,6051.302 ± 0.000,212.818 ± 0.000,897.602 ± 0.000,77.201 ± 0.000,0.000 ± 0.000,16.864 ± 0.000,0.0000 ± 0.0000
5,10,R05_I10,2,NN_DP,Nearest neighbour-DP,1,202.5795291651,0,4489.60588571671,0,181.748595795209,0,750.042509873475,0,43.130009221336,0,2076.32146583355,0,2,1,25,14.430476918821,0,0,0,7.43e-05,0,0,202.580 ± 0.000,4489.606 ± 0.000,181.749 ± 0.000,750.043 ± 0.000,43.130 ± 0.000,14.430 ± 0.000,0.000 ± 0.000,0.0001 ± 0.0000
5,10,R05_I10,3,JOINT_GA,Joint-encoding GA,20,202.5795291651,0,4489.60588571671,9.33121875355167e-13,181.748595795209,5.8320117209698e-14,750.042509873475,3.49920703258188e-13,43.1300092213361,1.45800293024245e-14,2076.32146583355,4.66560937677584e-13,2,1,25,14.430476918821,3.64500732560612e-15,0,0,0.25075325,0.0030487812858497,150,202.580 ± 0.000,4489.606 ± 0.000,181.749 ± 0.000,750.043 ± 0.000,43.130 ± 0.000,14.430 ± 0.000,0.000 ± 0.000,0.2508 ± 0.0030
5,10,R05_I10,4,GA_DP,Proposed GA-DP,20,202.5795291651,0,4489.60588571671,9.33121875355167e-13,181.748595795209,5.8320117209698e-14,750.042509873475,3.49920703258188e-13,43.1300092213361,1.45800293024245e-14,2076.32146583355,4.66560937677584e-13,2,1,25,14.430476918821,3.64500732560612e-15,0,0,0.142765075,0.0423306744125205,150,202.580 ± 0.000,4489.606 ± 0.000,181.749 ± 0.000,750.043 ± 0.000,43.130 ± 0.000,14.430 ± 0.000,0.000 ± 0.000,0.1428 ± 0.0423
5,10,R05_I10,5,EXACT,Exact optimum,1,202.5795291651,0,4489.60588571671,0,181.748595795209,0,750.042509873475,0,43.130009221336,0,2076.32146583355,0,2,1,25,14.430476918821,0,0,0,0.0005779,0,0,202.580 ± 0.000,4489.606 ± 0.000,181.749 ± 0.000,750.043 ± 0.000,43.130 ± 0.000,14.430 ± 0.000,0.000 ± 0.000,0.0006 ± 0.0000
10,1,R10_I01,1,FIXED,Fixed order + fixed direction,1,468.483084310971,0,11646.1881573239,0,573.192243384278,0,1718.4651959031,0,149.322576062977,0,6821.45909859072,0,7,6,25.4421415263987,0,0,17.5151345544795,0,2.64e-05,0,0,468.483 ± 0.000,11646.188 ± 0.000,573.192 ± 0.000,1718.465 ± 0.000,149.323 ± 0.000,0.000 ± 0.000,17.515 ± 0.000,0.0000 ± 0.0000
10,1,R10_I01,2,NN_DP,Nearest neighbour-DP,1,401.456917608785,0,8562.40895026932,0,383.490909668779,0,1469.4115254375,0,82.7364202925027,0,3737.67989153613,0,4,3,25,14.3070622924978,0,0.702171050657485,0,0.0001699,0,0,401.457 ± 0.000,8562.409 ± 0.000,383.491 ± 0.000,1469.412 ± 0.000,82.736 ± 0.000,14.307 ± 0.000,0.702 ± 0.000,0.0002 ± 0.0000
10,1,R10_I01,3,JOINT_GA,Joint-encoding GA,20,399.312717443809,0.504692350131801,8366.96215523518,46.0034020716636,386.913467818026,0.8055865977539,1460.46647864148,2.10544554713807,80.5922201275268,0.504692350131801,3542.23309650199,46.0034020716633,4,2.05,25.8288422049983,14.7647522789206,0.107729044448656,0.164316047270407,0.126597931538093,0.3008752,0.023055130725468,150,399.313 ± 0.505,8366.962 ± 46.003,386.913 ± 0.806,1460.466 ± 2.105,80.592 ± 0.505,14.765 ± 0.108,0.164 ± 0.127,0.3009 ± 0.0231
10,1,R10_I01,4,GA_DP,Proposed GA-DP,20,398.657658936504,5.8320117209698e-14,8391.98378799283,1.86624375071033e-12,385.384854995631,1.16640234419396e-13,1458.66013408397,4.66560937677584e-13,79.8178409366273,1.45800293024245e-14,3567.25472925965,9.33121875355167e-13,4,2,25.8724654789456,14.9045777132303,3.64500732560612e-15,0,0,0.16170676,0.00754392774797962,150,398.658 ± 0.000,8391.984 ± 0.000,385.385 ± 0.000,1458.660 ± 0.000,79.818 ± 0.000,14.905 ± 0.000,0.000 ± 0.000,0.1617 ± 0.0075
10,1,R10_I01,5,EXACT,Exact optimum,1,398.657658936504,0,8391.98378799284,0,385.384854995631,0,1458.66013408397,0,79.8178409366273,0,3567.25472925965,0,4,2,25.8724654789456,14.9045777132303,0,0,0,0.0493457,0,0,398.658 ± 0.000,8391.984 ± 0.000,385.385 ± 0.000,1458.660 ± 0.000,79.818 ± 0.000,14.905 ± 0.000,0.000 ± 0.000,0.0493 ± 0.0000
10,2,R10_I02,1,FIXED,Fixed order + fixed direction,1,496.260260456999,0,12686.7330647452,0,710.20164129514,0,1779.97355067505,0,177.056317944259,0,7858.62614660903,0,9,8,25,0,0,26.1601165680111,0,2.86e-05,0,0,496.260 ± 0.000,12686.733 ± 0.000,710.202 ± 0.000,1779.974 ± 0.000,177.056 ± 0.000,0.000 ± 0.000,26.160 ± 0.000,0.0000 ± 0.0000
10,2,R10_I02,2,NN_DP,Nearest neighbour-DP,1,423.471971271581,0,9344.07232468508,0,516.061619187063,0,1540.86130087069,0,104.448662772956,0,4515.96540654887,0,5,5,25,14.6673620648947,0,7.65575548948774,0,0.0001917,0,0,423.472 ± 0.000,9344.072 ± 0.000,516.062 ± 0.000,1540.861 ± 0.000,104.449 ± 0.000,14.667 ± 0.000,7.656 ± 0.000,0.0002 ± 0.0000
10,2,R10_I02,3,JOINT_GA,Joint-encoding GA,20,401.873703833846,7.55348529584007,8554.35760724357,294.872614336706,413.2441273669,38.3829134160699,1477.0628959678,21.4067678724475,82.7922280841783,7.54807225082128,3726.25068910736,294.872614336705,4.7,4.5,25.0872465478946,19.0195677840964,1.52208143543152,2.16500768086317,1.92025971320046,0.29664452,0.0109066826092804,150,401.874 ± 7.553,8554.358 ± 294.873,413.244 ± 38.383,1477.063 ± 21.407,82.792 ± 7.548,19.020 ± 1.522,2.165 ± 1.920,0.2966 ± 0.0109
10,2,R10_I02,4,GA_DP,Proposed GA-DP,20,393.750622513104,1.47997041747739,8171.24004968774,194.510554180728,395.342538945714,20.2679196521987,1451.15618584595,8.22570013177344,74.6779287932306,1.47261919742585,3343.13313155152,194.510554180728,5.05,4.25,25.6543491092092,20.6564269017823,0.298224648516992,0.0999443099364658,0.376240564203578,0.16138796,0.00516880587811964,150,393.751 ± 1.480,8171.240 ± 194.511,395.343 ± 20.268,1451.156 ± 8.226,74.678 ± 1.473,20.656 ± 0.298,0.100 ± 0.376,0.1614 ± 0.0052
10,2,R10_I02,5,EXACT,Exact optimum,1,393.357484090047,0,8422.49598079819,0,358.551869053729,0,1460.20038189263,0,74.2369896828303,0,3594.38906266198,0,5,5,25,20.7356471123016,0,0,0,0.0492912,0,0,393.357 ± 0.000,8422.496 ± 0.000,358.552 ± 0.000,1460.200 ± 0.000,74.237 ± 0.000,20.736 ± 0.000,0.000 ± 0.000,0.0493 ± 0.0000
10,3,R10_I03,1,FIXED,Fixed order + fixed direction,1,475.780570405602,0,12016.5832916509,0,581.783197117014,0,1743.34779803888,0,155.96957552006,0,7181.05133198519,0,9,9,25,0,0,21.8161742102402,0,2.67e-05,0,0,475.781 ± 0.000,12016.583 ± 0.000,581.783 ± 0.000,1743.348 ± 0.000,155.970 ± 0.000,0.000 ± 0.000,21.816 ± 0.000,0.0000 ± 0.0000
10,3,R10_I03,2,NN_DP,Nearest neighbour-DP,1,403.644089971332,0,8551.98054453044,0,413.231164683496,0,1468.92991083714,0,84.137975079894,0,3716.44858486477,0,4,4,25,15.1617121255652,0,3.3467565541066,0,0.0001901,0,0,403.644 ± 0.000,8551.981 ± 0.000,413.231 ± 0.000,1468.930 ± 0.000,84.138 ± 0.000,15.162 ± 0.000,3.347 ± 0.000,0.0002 ± 0.0000
10,3,R10_I03,3,JOINT_GA,Joint-encoding GA,20,394.741105523847,1.70339029490786,8283.24204050753,52.2084671671319,396.497048373076,4.86776759151399,1452.23486030689,3.39961762111789,75.1731296191103,1.82628736413979,3447.71008084186,52.2084671671317,4.85,3.75,25,17.0329496247964,0.35802014644182,1.06728662215579,0.436126445297324,0.293623535,0.00870212060974825,150,394.741 ± 1.703,8283.242 ± 52.208,396.497 ± 4.868,1452.235 ± 3.400,75.173 ± 1.826,17.033 ± 0.358,1.067 ± 0.436,0.2936 ± 0.0087
10,3,R10_I03,4,GA_DP,Proposed GA-DP,20,391.971413119252,0.342476613111357,8162.45749019887,64.9495186177958,406.761560044671,5.3740495037311,1442.14047489093,4.44027277522503,72.335256412616,0.315493785145545,3326.92553053319,64.9495186177955,4.9,3.9,25,17.6150861341191,0.0719820510575699,0.358150197817788,0.0876857807163932,0.160103285,0.00580215481934582,150,391.971 ± 0.342,8162.457 ± 64.950,406.762 ± 5.374,1442.140 ± 4.440,72.335 ± 0.315,17.615 ± 0.072,0.358 ± 0.088,0.1601 ± 0.0058
10,3,R10_I03,5,EXACT,Exact optimum,1,390.57257666331,0,7916.30505503626,0,421.533068206485,0,1423.89299816873,0,71.056082656538,0,3080.77309537059,0,4,4,25,17.9090948732211,0,0,0,0.0494478,0,0,390.573 ± 0.000,7916.305 ± 0.000,421.533 ± 0.000,1423.893 ± 0.000,71.056 ± 0.000,17.909 ± 0.000,0.000 ± 0.000,0.0494 ± 0.0000
10,4,R10_I04,1,FIXED,Fixed order + fixed direction,1,509.449343321122,0,13104.1492605599,0,755.93446872007,0,1824.17535783783,0,190.811320824852,0,8286.07447422506,0,9,9,25,0,0,25.2382049871514,0,2.42e-05,0,0,509.449 ± 0.000,13104.149 ± 0.000,755.934 ± 0.000,1824.175 ± 0.000,190.811 ± 0.000,0.000 ± 0.000,25.238 ± 0.000,0.0000 ± 0.0000
10,4,R10_I04,2,NN_DP,Nearest neighbour-DP,1,429.063665744356,0,9665.10159867879,0,521.180650177094,0,1555.23522017544,0,110.472021153451,0,4847.02681234393,0,6,5,25,15.7789343789764,0,5.47695080482082,0,0.0001726,0,0,429.064 ± 0.000,9665.102 ± 0.000,521.181 ± 0.000,1555.235 ± 0.000,110.472 ± 0.000,15.779 ± 0.000,5.477 ± 0.000,0.0002 ± 0.0000
10,4,R10_I04,3,JOINT_GA,Joint-encoding GA,20,419.260395563918,2.17526037423664,9155.09907122668,118.06045961337,484.718138873188,22.130057886173,1527.56994282231,12.2253835936768,100.843542829086,2.15234779867631,4337.02428489182,118.06045961337,5.65,4.8,25.6251029111078,17.7032219080427,0.426982663292099,3.06700764462663,0.534745423113358,0.292082005,0.00610000266173152,150,419.260 ± 2.175,9155.099 ± 118.060,484.718 ± 22.130,1527.570 ± 12.225,100.844 ± 2.152,17.703 ± 0.427,3.067 ± 0.535,0.2921 ± 0.0061
10,4,R10_I04,4,GA_DP,Proposed GA-DP,20,406.969127239128,0.451430436482017,8908.44748916482,8.44929610068542,395.197350022692,16.9229210970328,1503.27814844197,1.86721037950737,88.5072553627388,0.436360348878895,4090.37270282996,8.44929610068542,5.85,3.85,25,20.1158795129503,0.0886114473205778,0.0454385677542917,0.110975386037425,0.15933686,0.0030236855599887,150,406.969 ± 0.451,8908.447 ± 8.449,395.197 ± 16.923,1503.278 ± 1.867,88.507 ± 0.436,20.116 ± 0.089,0.045 ± 0.111,0.1593 ± 0.0030
10,4,R10_I04,5,EXACT,Exact optimum,1,406.784290283774,0,8911.90703030322,0,388.268306346207,0,1504.04267261593,0,88.3285888134634,0,4093.83224396837,0,6,4,25,20.1521612272714,0,0,0,0.0470259,0,0,406.784 ± 0.000,8911.907 ± 0.000,388.268 ± 0.000,1504.043 ± 0.000,88.329 ± 0.000,20.152 ± 0.000,0.000 ± 0.000,0.0470 ± 0.0000
10,5,R10_I05,1,FIXED,Fixed order + fixed direction,1,492.988521100502,0,12542.1595357526,0,647.051161764131,0,1803.89495403072,0,173.304248600355,0,7710.70494643809,0,10,8,25,0,0,25.259633542145,0,2.43e-05,0,0,492.989 ± 0.000,12542.160 ± 0.000,647.051 ± 0.000,1803.895 ± 0.000,173.304 ± 0.000,0.000 ± 0.000,25.260 ± 0.000,0.0000 ± 0.0000
10,5,R10_I05,2,NN_DP,Nearest neighbour-DP,1,411.190703639119,0,8913.83203962133,0,421.444623243326,0,1513.25363408226,0,91.9242382347767,0,4082.37745030681,0,4,4,25,16.5922357134777,0,4.4762598909939,0,0.000165,0,0,411.191 ± 0.000,8913.832 ± 0.000,421.445 ± 0.000,1513.254 ± 0.000,91.924 ± 0.000,16.592 ± 0.000,4.476 ± 0.000,0.0002 ± 0.0000
10,5,R10_I05,3,JOINT_GA,Joint-encoding GA,20,394.386711858072,1.27745467997098,8143.2617408944,65.5617461304378,398.317269246386,9.65254093739914,1449.75424083127,7.49331004032543,75.0649839768614,1.27355531154498,3311.80715157988,65.5617461304379,6,5.05,25,20.0008326811181,0.259124629741745,0.206663820398888,0.32457856163195,0.290430945,0.00580046979353941,150,394.387 ± 1.277,8143.262 ± 65.562,398.317 ± 9.653,1449.754 ± 7.493,75.065 ± 1.274,20.001 ± 0.259,0.207 ± 0.325,0.2904 ± 0.0058
10,5,R10_I05,4,GA_DP,Proposed GA-DP,20,393.692547126083,0.366917451553468,8158.99373726158,2.38254557585934,380.179393396528,9.21907001273686,1456.28514069237,0.510011940046655,74.2663822521967,0.362404887480548,3327.53914794705,2.3825455758599,5.9,4.9,25,20.1416401649189,0.0744271795080331,0.0302888821900402,0.0932272123075165,0.15739293,0.00388793927179398,150,393.693 ± 0.367,8158.994 ± 2.383,380.179 ± 9.219,1456.285 ± 0.510,74.266 ± 0.362,20.142 ± 0.074,0.030 ± 0.093,0.1574 ± 0.0039
10,5,R10_I05,5,EXACT,Exact optimum,1,393.573338161356,0,8159.76780998641,0,377.18418074771,0,1456.45084007547,0,74.1486393886025,0,3328.31322067189,0,6,5,25,20.1658210453299,0,0,0,0.0495736,0,0,393.573 ± 0.000,8159.768 ± 0.000,377.184 ± 0.000,1456.451 ± 0.000,74.149 ± 0.000,20.166 ± 0.000,0.000 ± 0.000,0.0496 ± 0.0000
10,6,R10_I06,1,FIXED,Fixed order + fixed direction,1,501.238239313395,0,13214.8035715014,0,646.145069432997,0,1824.75282725763,0,181.885854604729,0,8387.1014759972,0,9,9,25,0,0,25.9536336941313,0,2.35e-05,0,0,501.238 ± 0.000,13214.804 ± 0.000,646.145 ± 0.000,1824.753 ± 0.000,181.886 ± 0.000,0.000 ± 0.000,25.954 ± 0.000,0.0000 ± 0.0000
10,6,R10_I06,2,NN_DP,Nearest neighbour-DP,1,434.08118642166,0,10105.074035189,0,483.405463922445,0,1577.18266039687,0,115.122141053671,0,5277.3719396848,0,7,6,25,13.3982301477492,0,9.07807597233858,0,0.000156,0,0,434.081 ± 0.000,10105.074 ± 0.000,483.405 ± 0.000,1577.183 ± 0.000,115.122 ± 0.000,13.398 ± 0.000,9.078 ± 0.000,0.0002 ± 0.0000
10,6,R10_I06,3,JOINT_GA,Joint-encoding GA,20,415.9644446018,7.59104312725716,9380.37685990738,352.439888686963,403.719240031699,45.0612284443326,1527.02288458531,24.183977878282,96.9173343829429,7.60827014350288,4552.67476440314,352.439888686964,6.25,4.9,25,17.0126275338459,1.51445810232984,4.52561112840407,1.90751501065962,0.802469345,0.325311059459397,150,415.964 ± 7.591,9380.377 ± 352.440,403.719 ± 45.061,1527.023 ± 24.184,96.917 ± 7.608,17.013 ± 1.514,4.526 ± 1.908,0.8025 ± 0.3253
10,6,R10_I06,4,GA_DP,Proposed GA-DP,20,400.43712138957,2.07819355824885,8578.63754181192,144.46415166637,406.849619032753,13.9920808218312,1467.10602959773,9.85575158428791,81.3418385139027,2.15778593540618,3750.93544630768,144.46415166637,5.65,4.25,25,20.1104205580772,0.414611934056666,0.623828250061466,0.522218796673886,0.463030405,0.178511300166181,150,400.437 ± 2.078,8578.638 ± 144.464,406.850 ± 13.992,1467.106 ± 9.856,81.342 ± 2.158,20.110 ± 0.415,0.624 ± 0.522,0.4630 ± 0.1785
10,6,R10_I06,5,EXACT,Exact optimum,1,397.95456836967,0,8438.23376312298,0,410.10437237913,0,1456.06486723264,0,78.8074283645969,0,3610.53166761874,0,5,4,25,20.605704601709,0,0,0,0.0483141,0,0,397.955 ± 0.000,8438.234 ± 0.000,410.104 ± 0.000,1456.065 ± 0.000,78.807 ± 0.000,20.606 ± 0.000,0.000 ± 0.000,0.0483 ± 0.0000
10,7,R10_I07,1,FIXED,Fixed order + fixed direction,1,527.516842368778,0,14261.7520351683,0,775.377644189691,0,1888.59220811507,0,207.937384906957,0,9429.84284590653,0,8,8,25,0,0,34.885283701226,0,5.55e-05,0,0,527.517 ± 0.000,14261.752 ± 0.000,775.378 ± 0.000,1888.592 ± 0.000,207.937 ± 0.000,0.000 ± 0.000,34.885 ± 0.000,0.0001 ± 0.0000
10,7,R10_I07,2,NN_DP,Nearest neighbour-DP,1,404.721903166949,0,8563.46454370118,0,425.882473652157,0,1481.01336374764,0,85.5267025045215,0,3731.55535443945,0,7,4,25.7785443968074,23.277918227298,0,3.48679766059577,0,0.0003494,0,0,404.722 ± 0.000,8563.465 ± 0.000,425.882 ± 0.000,1481.013 ± 0.000,85.527 ± 0.000,23.278 ± 0.000,3.487 ± 0.000,0.0003 ± 0.0000
10,7,R10_I07,3,JOINT_GA,Joint-encoding GA,20,400.831701797255,4.1083641380828,8377.21654358798,202.223331051792,419.660022699534,12.9692903920687,1467.3155332927,15.5618962209032,81.6170499438264,4.12896618932108,3545.30735432625,202.223331051792,6.3,3.9,25.6274122100843,24.0153736139782,0.778811937005553,2.49207887010212,1.05050269072895,1.011272285,0.0752911502236574,150,400.832 ± 4.108,8377.217 ± 202.223,419.660 ± 12.969,1467.316 ± 15.562,81.617 ± 4.129,24.015 ± 0.779,2.492 ± 1.051,1.0113 ± 0.0753
10,7,R10_I07,4,GA_DP,Proposed GA-DP,20,391.390466230594,1.36366418143512,7813.97591458718,70.8347143795323,427.194761900028,1.09431356415083,1420.55763335637,3.62710514225832,72.1031995311086,1.36366418143512,2982.06672532545,70.8347143795323,3,3,25.534169392294,25.8051241600018,0.258506283005426,0.0779687685539951,0.348686933217362,0.57379502,0.13653424030864,150,391.390 ± 1.364,7813.976 ± 70.835,427.195 ± 1.094,1420.558 ± 3.627,72.103 ± 1.364,25.805 ± 0.259,0.078 ± 0.349,0.5738 ± 0.1365
10,7,R10_I07,5,EXACT,Exact optimum,1,391.085541649777,0,7798.13679093524,0,427.439457851842,0,1419.74658799041,0,71.7982749502915,0,2966.22760167351,0,3,3,25.4980319796005,25.8629279221429,0,0,0,0.169769,0,0,391.086 ± 0.000,7798.137 ± 0.000,427.439 ± 0.000,1419.747 ± 0.000,71.798 ± 0.000,25.863 ± 0.000,0.000 ± 0.000,0.1698 ± 0.0000
10,8,R10_I08,1,FIXED,Fixed order + fixed direction,1,472.132655536041,0,11602.7801848247,0,628.867545063621,0,1710.86084843531,0,152.770996313802,0,6774.43763245827,0,8,7,25.8827520002594,0,0,17.6807846744854,0,5.33e-05,0,0,472.133 ± 0.000,11602.780 ± 0.000,628.868 ± 0.000,1710.861 ± 0.000,152.771 ± 0.000,0.000 ± 0.000,17.681 ± 0.000,0.0001 ± 0.0000
10,8,R10_I08,2,NN_DP,Nearest neighbour-DP,1,432.495350790542,0,9789.85122133126,0,523.127595028142,0,1559.41511610294,0,113.37588715268,0,4961.50866896483,0,5,4,25.0332955453667,8.39537453737379,0,7.80104204254199,0,0.0003447,0,0,432.495 ± 0.000,9789.851 ± 0.000,523.128 ± 0.000,1559.415 ± 0.000,113.376 ± 0.000,8.395 ± 0.000,7.801 ± 0.000,0.0003 ± 0.0000
10,8,R10_I08,3,JOINT_GA,Joint-encoding GA,20,410.954566357132,10.4361274275137,9065.36402810454,362.588462530314,414.216423302531,50.8136924714116,1505.53578535949,29.9634488621096,91.9282959507146,10.4365231618873,4237.0214757381,362.588462530314,5.35,3.4,25.3701608911274,12.9578177788718,2.21042270750472,2.43192303561908,2.60124278681456,0.55708819,0.366888703316099,150,410.955 ± 10.436,9065.364 ± 362.588,414.216 ± 50.814,1505.536 ± 29.963,91.928 ± 10.437,12.958 ± 2.210,2.432 ± 2.601,0.5571 ± 0.3669
10,8,R10_I08,4,GA_DP,Proposed GA-DP,20,401.983381220562,2.65401916278873,8735.98760838665,58.2164340037912,376.87214901797,27.5932199492561,1475.96084882642,5.12982013277577,83.0533825102863,2.60889721799121,3907.64505602022,58.2164340037906,3.85,2.9,25.0332955453667,14.8579585616322,0.562134207763168,0.195822452546735,0.661523946619398,0.304301825,0.202797221079442,150,401.983 ± 2.654,8735.988 ± 58.216,376.872 ± 27.593,1475.961 ± 5.130,83.053 ± 2.609,14.858 ± 0.562,0.196 ± 0.662,0.3043 ± 0.2028
10,8,R10_I08,5,EXACT,Exact optimum,1,401.197745954871,0,8712.15531801854,0,370.49594525699,0,1474.03565273525,0,82.2781155179954,0,3883.8127656521,0,4,3,25.0332955453667,15.024359944057,0,0,0,0.1617062,0,0,401.198 ± 0.000,8712.155 ± 0.000,370.496 ± 0.000,1474.036 ± 0.000,82.278 ± 0.000,15.024 ± 0.000,0.000 ± 0.000,0.1617 ± 0.0000
10,9,R10_I09,1,FIXED,Fixed order + fixed direction,1,469.811985089187,0,11748.9087402129,0,588.936270904053,0,1706.93907357709,0,151.459214827766,0,6932.11540913803,0,9,8,25,0,0,16.5929419717011,0,2.23e-05,0,0,469.812 ± 0.000,11748.909 ± 0.000,588.936 ± 0.000,1706.939 ± 0.000,151.459 ± 0.000,0.000 ± 0.000,16.593 ± 0.000,0.0000 ± 0.0000
10,9,R10_I09,2,NN_DP,Nearest neighbour-DP,1,418.313266674728,0,9326.85081281908,0,485.07104449256,0,1527.72995609049,0,99.8658832540948,0,4510.05748174418,0,7,6,25,10.9615591021337,0,3.81253772855662,0,0.0001635,0,0,418.313 ± 0.000,9326.851 ± 0.000,485.071 ± 0.000,1527.730 ± 0.000,99.866 ± 0.000,10.962 ± 0.000,3.813 ± 0.000,0.0002 ± 0.0000
10,9,R10_I09,3,JOINT_GA,Joint-encoding GA,20,412.243684918279,4.47286662791426,9136.80521962032,222.729850327991,446.326412996463,13.9004708571286,1504.51555097493,17.1834323813845,93.9398612910758,4.47815921362678,4320.01188854541,222.729850327991,5.6,4.6,25,12.2534762837053,0.952054602665181,2.30625347872439,1.11002847042432,0.30459411,0.0233261981371951,150,412.244 ± 4.473,9136.805 ± 222.730,446.326 ± 13.900,1504.516 ± 17.183,93.940 ± 4.478,12.253 ± 0.952,2.306 ± 1.110,0.3046 ± 0.0233
10,9,R10_I09,4,GA_DP,Proposed GA-DP,20,402.950622176785,1.16640234419396e-13,8645.1140806103,0,418.206681517785,1.16640234419396e-13,1467.43409772936,2.33280468838792e-13,84.6610368116219,2.9160058604849e-14,3828.32074953539,2.33280468838792e-12,6,5,25,14.2315149537341,1.82250366280306e-15,0,0,0.1678922,0.0190836476470246,150,402.951 ± 0.000,8645.114 ± 0.000,418.207 ± 0.000,1467.434 ± 0.000,84.661 ± 0.000,14.232 ± 0.000,0.000 ± 0.000,0.1679 ± 0.0191
10,9,R10_I09,5,EXACT,Exact optimum,1,402.950622176785,0,8645.1140806103,0,418.206681517785,0,1467.43409772936,0,84.6610368116218,0,3828.32074953539,0,6,5,25,14.2315149537341,0,0,0,0.0475115,0,0,402.951 ± 0.000,8645.114 ± 0.000,418.207 ± 0.000,1467.434 ± 0.000,84.661 ± 0.000,14.232 ± 0.000,0.000 ± 0.000,0.0475 ± 0.0000
10,10,R10_I10,1,FIXED,Fixed order + fixed direction,1,480.728766060085,0,12069.6087032052,0,667.081068802133,0,1738.09773552393,0,161.372880802048,0,7243.79847316232,0,9,8,25,0,0,20.4873507856066,0,2.48e-05,0,0,480.729 ± 0.000,12069.609 ± 0.000,667.081 ± 0.000,1738.098 ± 0.000,161.373 ± 0.000,0.000 ± 0.000,20.487 ± 0.000,0.0000 ± 0.0000
10,10,R10_I10,2,NN_DP,Nearest neighbour-DP,1,405.15160397175,0,8617.71335469312,0,454.561086016357,0,1472.44383051752,0,86.0430510077225,0,3791.90312465029,0,5,5,25,15.7213729288022,0,1.54508503656728,0,0.0001723,0,0,405.152 ± 0.000,8617.713 ± 0.000,454.561 ± 0.000,1472.444 ± 0.000,86.043 ± 0.000,15.721 ± 0.000,1.545 ± 0.000,0.0002 ± 0.0000
10,10,R10_I10,3,JOINT_GA,Joint-encoding GA,20,401.584309455749,0.0880843943601809,8519.7172892916,37.802327279409,443.554987955402,9.10115956200231,1462.90344934393,1.8877806491321,82.4216027052991,0.0697300230334707,3693.90705924876,37.8023272794089,4,4,25.1308414689801,16.4634326447699,0.0183230962195364,0.650996943550597,0.0220770132168174,0.29492202,0.00781737602191426,150,401.584 ± 0.088,8519.717 ± 37.802,443.555 ± 9.101,1462.903 ± 1.888,82.422 ± 0.070,16.463 ± 0.018,0.651 ± 0.022,0.2949 ± 0.0078
10,10,R10_I10,4,GA_DP,Proposed GA-DP,20,398.986916822071,1.74960351629094e-13,8426.94776756793,1.86624375071033e-12,437.233808496941,0,1456.28649656251,4.66560937677584e-13,79.8272894132804,0,3601.1375375251,0,5,4,25,17.0037357880509,3.64500732560612e-15,0,0,0.16195229,0.00497914723653084,150,398.987 ± 0.000,8426.948 ± 0.000,437.234 ± 0.000,1456.286 ± 0.000,79.827 ± 0.000,17.004 ± 0.000,0.000 ± 0.000,0.1620 ± 0.0050
10,10,R10_I10,5,EXACT,Exact optimum,1,398.986916822071,0,8426.94776756793,0,437.233808496941,0,1456.28649656251,0,79.8272894132804,0,3601.1375375251,0,5,4,25,17.0037357880509,0,0,0,0.0490648,0,0,398.987 ± 0.000,8426.948 ± 0.000,437.234 ± 0.000,1456.286 ± 0.000,79.827 ± 0.000,17.004 ± 0.000,0.000 ± 0.000,0.0491 ± 0.0000
20,1,R20_I01,1,FIXED,Fixed order + fixed direction,1,870.03404724948,0,20292.1289564184,0,907.590057737008,0,3198.1890250079,0,231.178572361264,0,10627.4405701253,0,14,12,25,0,0,21.074966402586,0,5.23e-05,0,0,870.034 ± 0.000,20292.129 ± 0.000,907.590 ± 0.000,3198.189 ± 0.000,231.179 ± 0.000,0.000 ± 0.000,21.075 ± 0.000,0.0001 ± 0.0000
20,1,R20_I01,2,NN_DP,Nearest neighbour-DP,1,752.077703095818,0,15134.4030076039,0,567.381625523169,0,2802.90242259642,0,113.427836701572,0,5469.71462131081,0,7,3,25,13.5576699011456,0,4.66002212480042,0,0.0003985,0,0,752.078 ± 0.000,15134.403 ± 0.000,567.382 ± 0.000,2802.902 ± 0.000,113.428 ± 0.000,13.558 ± 0.000,4.660 ± 0.000,0.0004 ± 0.0000
20,1,R20_I01,3,JOINT_GA,Joint-encoding GA,20,750.76285952701,4.04700311392468,15074.8156481912,183.40602244598,563.625040869908,11.5625235960635,2798.00425761438,15.0762337095459,112.116900470241,4.03497658292775,5410.12726189813,183.406022445981,7,3,25,13.7087954315733,0.465154567998671,4.47704693960933,0.563185736924486,0.36691946,0.00388297233726948,150,750.763 ± 4.047,15074.816 ± 183.406,563.625 ± 11.563,2798.004 ± 15.076,112.117 ± 4.035,13.709 ± 0.465,4.477 ± 0.563,0.3669 ± 0.0039
20,1,R20_I01,4,GA_DP,Proposed GA-DP,20,723.445697239202,7.00421673789555,13670.7346195207,435.677178224054,517.771694321719,10.4356869898018,2687.43829393381,35.2063015158081,84.8921723554842,6.93712089737981,4006.04623322761,435.677178224054,4.2,1.2,25.3797430010068,16.8485762682163,0.805050878185588,0.67555834652901,0.974715080286925,0.210777075,0.00510916092533021,150,723.446 ± 7.004,13670.735 ± 435.677,517.772 ± 10.436,2687.438 ± 35.206,84.892 ± 6.937,16.849 ± 0.805,0.676 ± 0.975,0.2108 ± 0.0051
20,1,R20_I01,5,EXACT,Exact optimum,1,718.591194447688,0,13393.1186705694,0,523.578099445551,0,2662.51292826467,0,80.0670371189086,0,3728.43028427631,0,3,0,25.7785443968074,17.4065432589175,0,0,0,0.1592616,0,0,718.591 ± 0.000,13393.119 ± 0.000,523.578 ± 0.000,2662.513 ± 0.000,80.067 ± 0.000,17.407 ± 0.000,0.000 ± 0.000,0.1593 ± 0.0000
20,2,R20_I02,1,FIXED,Fixed order + fixed direction,1,905.972852386828,0,21943.6158598985,0,988.575072102443,0,3327.29391878096,0,267.202072789332,0,12283.0826638594,0,15,12,25,0,0,25.1642275400238,0,3.24e-05,0,0,905.973 ± 0.000,21943.616 ± 0.000,988.575 ± 0.000,3327.294 ± 0.000,267.202 ± 0.000,0.000 ± 0.000,25.164 ± 0.000,0.0000 ± 0.0000
20,2,R20_I02,2,NN_DP,Nearest neighbour-DP,1,738.182473474766,0,14687.1614085881,0,528.818030965443,0,2761.8144728856,0,99.798599940516,0,5026.62821254902,0,10,4,26.3084146898007,18.52046432407,0,1.98323143197591,0,0.0003638,0,0,738.182 ± 0.000,14687.161 ± 0.000,528.818 ± 0.000,2761.814 ± 0.000,99.799 ± 0.000,18.520 ± 0.000,1.983 ± 0.000,0.0004 ± 0.0000
20,2,R20_I02,3,JOINT_GA,Joint-encoding GA,20,737.894756864623,0.64167511170705,14664.6256557873,57.7370582272639,528.067745759302,3.43935169281971,2760.10800423093,3.15252092645916,99.5092564303392,0.665720860577175,5004.09245974813,57.7370582272639,9.9,4.15,26.0329667578851,18.5522220759038,0.0708271898011644,1.94348208720901,0.0886503050029352,0.368761245,0.00594332107588226,150,737.895 ± 0.642,14664.626 ± 57.737,528.068 ± 3.439,2760.108 ± 3.153,99.509 ± 0.666,18.552 ± 0.071,1.943 ± 0.089,0.3688 ± 0.0059
20,2,R20_I02,4,GA_DP,Proposed GA-DP,20,724.987888661833,2.83451834764594,13832.1003618551,179.962257475334,540.797951681075,9.66158618407722,2701.87844467576,14.0066447025265,86.4565325693722,2.89708092896184,4171.56716581595,179.962257475335,7.45,3.3,26.2431256656111,19.9768639036128,0.312870119692689,0.160340148345009,0.391601468516902,0.20955557,0.00392049777735054,150,724.988 ± 2.835,13832.100 ± 179.962,540.798 ± 9.662,2701.878 ± 14.007,86.457 ± 2.897,19.977 ± 0.313,0.160 ± 0.392,0.2096 ± 0.0039
20,2,R20_I02,5,EXACT,Exact optimum,1,723.827302890616,0,13758.415308606,0,544.753861672603,0,2696.14346237877,0,85.2703307206496,0,4097.88211256684,0,7,3,26.3084146898007,20.1049677168958,0,0,0,0.2211488,0,0,723.827 ± 0.000,13758.415 ± 0.000,544.754 ± 0.000,2696.143 ± 0.000,85.270 ± 0.000,20.105 ± 0.000,0.000 ± 0.000,0.2211 ± 0.0000
20,3,R20_I03,1,FIXED,Fixed order + fixed direction,1,907.931213469946,0,21950.6290167977,0,1032.95789364661,0,3312.69035937089,0,269.01218707601,0,12284.9048267531,0,15,13,25,0,0,25.1713318116463,0,3.15e-05,0,0,907.931 ± 0.000,21950.629 ± 0.000,1032.958 ± 0.000,3312.690 ± 0.000,269.012 ± 0.000,0.000 ± 0.000,25.171 ± 0.000,0.0000 ± 0.0000
20,3,R20_I03,2,NN_DP,Nearest neighbour-DP,1,749.554002858152,0,14964.1803013525,0,558.752526394817,0,2799.42021505133,0,110.928053384331,0,5298.45611130789,0,9,3,25,17.4437455461527,0,3.33676319369218,0,0.0003636,0,0,749.554 ± 0.000,14964.180 ± 0.000,558.753 ± 0.000,2799.420 ± 0.000,110.928 ± 0.000,17.444 ± 0.000,3.337 ± 0.000,0.0004 ± 0.0000
20,3,R20_I03,3,JOINT_GA,Joint-encoding GA,20,749.054206890577,1.31196033617213,14941.8559367979,72.2273170255406,557.63063545412,5.74781503957766,2797.7341757933,6.61381089934147,110.432210898092,1.30706442178391,5276.13174675331,72.2273170255408,9.15,3.2,25,17.4987933251209,0.144499970560332,3.26785915562498,0.180872537617803,0.367562915,0.00658134445265555,150,749.054 ± 1.312,14941.856 ± 72.227,557.631 ± 5.748,2797.734 ± 6.614,110.432 ± 1.307,17.499 ± 0.144,3.268 ± 0.181,0.3676 ± 0.0066
20,3,R20_I03,4,GA_DP,Proposed GA-DP,20,730.928842294039,1.90147354715002,14023.9928125458,82.577630037505,551.798768669573,18.0188699739485,2722.96241914021,5.67049838129515,92.1973377556712,1.89519134697783,4358.2686225012,82.5776300375043,8.5,4.25,25.1530946451296,19.4951300880422,0.209429251791325,0.769017842030864,0.262145383670369,0.208843515,0.00317957398177062,150,730.929 ± 1.901,14023.993 ± 82.578,551.799 ± 18.019,2722.962 ± 5.670,92.197 ± 1.895,19.495 ± 0.209,0.769 ± 0.262,0.2088 ± 0.0032
20,3,R20_I03,5,EXACT,Exact optimum,1,725.350765490113,0,13774.2490156045,0,519.27164980821,0,2701.99644635122,0,86.6819900222956,0,4108.52482555991,0,7,4,25,20.1095022696757,0,0,0,1.6675566,0,0,725.351 ± 0.000,13774.249 ± 0.000,519.272 ± 0.000,2701.996 ± 0.000,86.682 ± 0.000,20.110 ± 0.000,0.000 ± 0.000,1.6676 ± 0.0000
20,4,R20_I04,1,FIXED,Fixed order + fixed direction,1,896.839915345651,0,21503.0730192787,0,977.538634213711,0,3294.15027761971,0,258.023583114614,0,11840.4506865845,0,15,14,25,0,0,23.71046207337,0,3.31e-05,0,0,896.840 ± 0.000,21503.073 ± 0.000,977.539 ± 0.000,3294.150 ± 0.000,258.024 ± 0.000,0.000 ± 0.000,23.710 ± 0.000,0.0000 ± 0.0000
20,4,R20_I04,2,NN_DP,Nearest neighbour-DP,1,740.83041022731,0,14726.521466617,0,503.751307769668,0,2768.68742459671,0,102.519106938096,0,5063.89913392284,0,8,3,25,17.3954685166097,0,2.19044759164457,0,0.0003515,0,0,740.830 ± 0.000,14726.521 ± 0.000,503.751 ± 0.000,2768.687 ± 0.000,102.519 ± 0.000,17.395 ± 0.000,2.190 ± 0.000,0.0004 ± 0.0000
20,4,R20_I04,3,JOINT_GA,Joint-encoding GA,20,740.78778680311,0.131192131562886,14725.5576069263,2.96669753136626,503.751307769668,2.9160058604849e-13,2768.78386616986,0.296840898868496,102.46112922958,0.178451621523987,5062.93527423212,2.96669753136599,8,3,25,17.400221140068,0.0146282663514507,2.18456809920372,0.0180966958967029,0.368164215,0.00892089911064993,150,740.788 ± 0.131,14725.558 ± 2.967,503.751 ± 0.000,2768.784 ± 0.297,102.461 ± 0.178,17.400 ± 0.015,2.185 ± 0.018,0.3682 ± 0.0089
20,4,R20_I04,4,GA_DP,Proposed GA-DP,20,728.165513177225,1.51054469802155,14010.4942718643,134.780777315617,505.450078184455,18.5607890522709,2713.64783546295,10.0385319339809,89.7280287543229,1.51826194803996,4347.87193917014,134.780777315617,6.5,2.45,25.1101316960599,18.8076377157475,0.168429690982183,0.443446550133311,0.208365148982808,0.208828135,0.00502309292444982,150,728.166 ± 1.511,14010.494 ± 134.781,505.450 ± 18.561,2713.648 ± 10.039,89.728 ± 1.518,18.808 ± 0.168,0.443 ± 0.208,0.2088 ± 0.0050
20,4,R20_I04,5,EXACT,Exact optimum,1,724.950744112293,0,13577.2832697932,0,529.910123030304,0,2682.70339029031,0,86.6304702897591,0,3914.66093709902,0,5,2,25.4421415263987,19.1660928881729,0,0,0,0.5054635,0,0,724.951 ± 0.000,13577.283 ± 0.000,529.910 ± 0.000,2682.703 ± 0.000,86.630 ± 0.000,19.166 ± 0.000,0.000 ± 0.000,0.5055 ± 0.0000
20,5,R20_I05,1,FIXED,Fixed order + fixed direction,1,867.066995857145,0,20183.2343405401,0,929.364754896801,0,3174.27303812915,0,227.806565102817,0,10516.004359418,0,13,10,25,0,0,21.2893826437409,0,5.99e-05,0,0,867.067 ± 0.000,20183.234 ± 0.000,929.365 ± 0.000,3174.273 ± 0.000,227.807 ± 0.000,0.000 ± 0.000,21.289 ± 0.000,0.0001 ± 0.0000
20,5,R20_I05,2,NN_DP,Nearest neighbour-DP,1,729.200371717066,0,14059.1179144142,0,514.45607920651,0,2719.67382194853,0,90.3196653616179,0,4391.8879332922,0,7,2,25.7888079456095,15.9003427415421,0,2.00395509428554,0,0.0003572,0,0,729.200 ± 0.000,14059.118 ± 0.000,514.456 ± 0.000,2719.674 ± 0.000,90.320 ± 0.000,15.900 ± 0.000,2.004 ± 0.000,0.0004 ± 0.0000
20,5,R20_I05,3,JOINT_GA,Joint-encoding GA,20,725.925634982542,1.00663354364629,14069.413037504,52.1329553586498,483.422135827285,3.48857371914812,2719.32069434685,3.29173946977719,86.9963575053538,0.995201087861605,4402.18305638197,52.132955358649,8.95,2.95,25.0394403972805,16.2780225229397,0.116096397216824,1.54586961905817,0.140812603455911,0.61580545,0.369922490349432,150,725.926 ± 1.007,14069.413 ± 52.133,483.422 ± 3.489,2719.321 ± 3.292,86.996 ± 0.995,16.278 ± 0.116,1.546 ± 0.141,0.6158 ± 0.3699
20,5,R20_I05,4,GA_DP,Proposed GA-DP,20,716.754533622906,2.13233039600748,13441.6346651321,141.727399439249,497.28666100094,10.4800579590211,2677.67662318524,10.9038633122487,77.9987637719657,2.1081340676217,3774.40468401008,141.727399439249,7,2,25,17.3357379478673,0.245924525578274,0.262973110035946,0.298280338843438,0.37072538,0.21989390932679,150,716.755 ± 2.132,13441.635 ± 141.727,497.287 ± 10.480,2677.677 ± 10.904,77.999 ± 2.108,17.336 ± 0.246,0.263 ± 0.298,0.3707 ± 0.2199
20,5,R20_I05,5,EXACT,Exact optimum,1,714.874605639598,0,13316.6834358545,0,506.526202049897,0,2668.06344231738,0,76.1401680150855,0,3649.45345473241,0,7,2,25,17.5525525645336,0,0,0,0.4251706,0,0,714.875 ± 0.000,13316.683 ± 0.000,506.526 ± 0.000,2668.063 ± 0.000,76.140 ± 0.000,17.553 ± 0.000,0.000 ± 0.000,0.4252 ± 0.0000
20,6,R20_I06,1,FIXED,Fixed order + fixed direction,1,892.419692520034,0,21525.3558957404,0,967.267303814717,0,3274.86916090885,0,253.643478242237,0,11863.8758292301,0,15,12,25,0,0,25.8097032264796,0,6.53e-05,0,0,892.420 ± 0.000,21525.356 ± 0.000,967.267 ± 0.000,3274.869 ± 0.000,253.643 ± 0.000,0.000 ± 0.000,25.810 ± 0.000,0.0001 ± 0.0000
20,6,R20_I06,2,NN_DP,Nearest neighbour-DP,1,727.160488798219,0,13768.3504001139,0,528.294879916795,0,2708.93894013184,0,88.8691841811588,0,4106.87033360369,0,10,4,25,18.5181036576134,0,2.51213197166428,0,0.0008832,0,0,727.160 ± 0.000,13768.350 ± 0.000,528.295 ± 0.000,2708.939 ± 0.000,88.869 ± 0.000,18.518 ± 0.000,2.512 ± 0.000,0.0009 ± 0.0000
20,6,R20_I06,3,JOINT_GA,Joint-encoding GA,20,724.873478745723,1.04865436029829,13715.7209296147,75.0276690196152,519.200261108104,10.2815523330134,2699.63386340344,6.01451003201622,86.5821741286625,1.04865436029825,4054.2408631044,75.0276690196146,9,4.15,25,18.7743743418739,0.117506860178878,2.18971858433971,0.147835032061801,1.07852131,0.247159250839419,150,724.873 ± 1.049,13715.721 ± 75.028,519.200 ± 10.282,2699.634 ± 6.015,86.582 ± 1.049,18.774 ± 0.118,2.190 ± 0.148,1.0785 ± 0.2472
20,6,R20_I06,4,GA_DP,Proposed GA-DP,20,710.980222540593,3.42967953717712,13056.7036403082,184.254477904383,500.941370594179,8.79236357942602,2660.5428728618,10.8050438435022,72.4617257604271,3.44001572955027,3395.22357379794,184.254477904382,8.3,4,25,20.3311817859026,0.384312399863378,0.231103759199401,0.483502289730678,0.61720591,0.142724212232808,150,710.980 ± 3.430,13056.704 ± 184.254,500.941 ± 8.792,2660.543 ± 10.805,72.462 ± 3.440,20.331 ± 0.384,0.231 ± 0.484,0.6172 ± 0.1427
20,6,R20_I06,5,EXACT,Exact optimum,1,709.340909034275,0,12982.3332733459,0,496.621972966176,0,2658.29074399054,0,70.8020361052871,0,3320.85320683564,0,8,4,25,20.5148748980177,0,0,0,0.6814723,0,0,709.341 ± 0.000,12982.333 ± 0.000,496.622 ± 0.000,2658.291 ± 0.000,70.802 ± 0.000,20.515 ± 0.000,0.000 ± 0.000,0.6815 ± 0.0000
20,7,R20_I07,1,FIXED,Fixed order + fixed direction,1,896.310583920461,0,21544.5241669707,0,943.284181061964,0,3305.41876862188,0,256.773609702288,0,11872.4513849809,0,15,12,25,0,0,23.6383353877316,0,3.27e-05,0,0,896.311 ± 0.000,21544.524 ± 0.000,943.284 ± 0.000,3305.419 ± 0.000,256.774 ± 0.000,0.000 ± 0.000,23.638 ± 0.000,0.0000 ± 0.0000
20,7,R20_I07,2,NN_DP,Nearest neighbour-DP,1,740.352727820672,0,14784.9769166419,0,499.231017905329,0,2777.45852075578,0,101.10380619641,0,5112.90413465203,0,11,4,25,17.3999793037844,0,2.12529061872274,0,0.0003544,0,0,740.353 ± 0.000,14784.977 ± 0.000,499.231 ± 0.000,2777.459 ± 0.000,101.104 ± 0.000,17.400 ± 0.000,2.125 ± 0.000,0.0004 ± 0.0000
20,7,R20_I07,3,JOINT_GA,Joint-encoding GA,20,738.784421208954,1.70761148296667,14653.5356298656,107.794283847271,493.068832069741,9.16928798554729,2772.0744268293,8.18247936400229,99.553873361383,1.6943036979717,4981.46284787578,107.794283847271,10.35,3.5,25,17.5749528720824,0.190515599570137,1.90895621151061,0.235550315962474,0.36217678,0.00197735342782374,150,738.784 ± 1.708,14653.536 ± 107.794,493.069 ± 9.169,2772.074 ± 8.182,99.554 ± 1.694,17.575 ± 0.191,1.909 ± 0.236,0.3622 ± 0.0020
20,7,R20_I07,4,GA_DP,Proposed GA-DP,20,730.463971294628,0.371875241672703,14074.7330470622,58.9454125450911,504.989046773877,19.2963678924047,2729.84846076309,5.34329888719018,91.3055630311078,0.371801851739631,4402.66026507233,58.9454125450924,8.55,3.6,25,18.5032527341605,0.041489551539839,0.76122171463058,0.0512969908836907,0.205208945,0.00103029703355009,150,730.464 ± 0.372,14074.733 ± 58.945,504.989 ± 19.296,2729.848 ± 5.343,91.306 ± 0.372,18.503 ± 0.041,0.761 ± 0.051,0.2052 ± 0.0010
20,7,R20_I07,5,EXACT,Exact optimum,1,724.945528512349,0,13646.0661080574,0,512.345298857919,0,2695.99558027021,0,85.8138420818596,0,3973.99332606751,0,7,3,25,19.1189369491278,0,0,0,0.3997287,0,0,724.946 ± 0.000,13646.066 ± 0.000,512.345 ± 0.000,2695.996 ± 0.000,85.814 ± 0.000,19.119 ± 0.000,0.000 ± 0.000,0.3997 ± 0.0000
20,8,R20_I08,1,FIXED,Fixed order + fixed direction,1,903.40713268646,0,21698.0621481345,0,1007.55153875686,0,3300.47010315253,0,264.418537585797,0,12030.8679301961,0,13,12,25,0,0,24.614515089314,0,3.09e-05,0,0,903.407 ± 0.000,21698.062 ± 0.000,1007.552 ± 0.000,3300.470 ± 0.000,264.419 ± 0.000,0.000 ± 0.000,24.615 ± 0.000,0.0000 ± 0.0000
20,8,R20_I08,2,NN_DP,Nearest neighbour-DP,1,735.27727510393,0,14383.1116569916,0,517.306513316959,0,2739.28476208126,0,96.675128315658,0,4715.91743905322,0,6,2,25,18.6106409280345,0,1.42295514183035,0,0.0003827,0,0,735.277 ± 0.000,14383.112 ± 0.000,517.307 ± 0.000,2739.285 ± 0.000,96.675 ± 0.000,18.611 ± 0.000,1.423 ± 0.000,0.0004 ± 0.0000
20,8,R20_I08,3,JOINT_GA,Joint-encoding GA,20,735.207720672606,0.311056873156745,14380.7265880429,10.6663526007546,516.782657489007,2.34275448341717,2739.14118152463,0.642111769730513,96.6024312882152,0.325110990248597,4713.53237010449,10.666352600755,6,2,25,18.6183400515867,0.0344315272596703,1.41336091634968,0.0429066807324833,0.36003223,0.00143101114972302,150,735.208 ± 0.311,14380.727 ± 10.666,516.783 ± 2.343,2739.141 ± 0.642,96.602 ± 0.325,18.618 ± 0.034,1.413 ± 0.043,0.3600 ± 0.0014
20,8,R20_I08,4,GA_DP,Proposed GA-DP,20,732.113820143293,2.13518979332304,14211.7634869343,186.897211572361,512.235736178682,15.8831135777036,2729.13134726922,14.6888426408467,93.4779414497837,2.12794878390295,4544.56926899586,186.89721157236,5.85,1.95,25,18.9608102864754,0.236348564901589,0.986593293817872,0.294524618072667,0.204440465,0.00144394781552994,150,732.114 ± 2.135,14211.763 ± 186.897,512.236 ± 15.883,2729.131 ± 14.689,93.478 ± 2.128,18.961 ± 0.236,0.987 ± 0.295,0.2044 ± 0.0014
20,8,R20_I08,5,EXACT,Exact optimum,1,724.961399592149,0,13763.7037948128,0,517.998942848779,0,2697.31956582153,0,86.3370194749402,0,4096.50957687434,0,5,0,25.4980319796005,19.7525264786949,0,0,0,0.9124915,0,0,724.961 ± 0.000,13763.704 ± 0.000,517.999 ± 0.000,2697.320 ± 0.000,86.337 ± 0.000,19.753 ± 0.000,0.000 ± 0.000,0.9125 ± 0.0000
20,9,R20_I09,1,FIXED,Fixed order + fixed direction,1,860.122715655253,0,20023.5694985312,0,902.679086211435,0,3157.84234195166,0,221.329312834479,0,10361.1921078962,0,14,11,25,0,0,20.5680957499259,0,2.96e-05,0,0,860.123 ± 0.000,20023.569 ± 0.000,902.679 ± 0.000,3157.842 ± 0.000,221.329 ± 0.000,0.000 ± 0.000,20.568 ± 0.000,0.0000 ± 0.0000
20,9,R20_I09,2,NN_DP,Nearest neighbour-DP,1,733.073465671402,0,14019.2761344209,0,569.853868303843,0,2720.0661563579,0,94.5845105290943,0,4356.89874378584,0,8,6,25,14.7710608813608,0,2.75890892320692,0,0.0004128,0,0,733.073 ± 0.000,14019.276 ± 0.000,569.854 ± 0.000,2720.066 ± 0.000,94.585 ± 0.000,14.771 ± 0.000,2.759 ± 0.000,0.0004 ± 0.0000
20,9,R20_I09,3,JOINT_GA,Joint-encoding GA,20,731.571883629132,1.25788701405076,13950.7807883026,57.3790868428743,562.016256775765,6.56562844041478,2712.57291985046,6.27714279378419,93.0829284868244,1.25788701405076,4288.40339766755,57.3790868428743,6.8,4.2,25,14.9456385334725,0.146245063774706,2.54842397245097,0.176324888521427,0.36024882,0.00186203758981787,150,731.572 ± 1.258,13950.781 ± 57.379,562.016 ± 6.566,2712.573 ± 6.277,93.083 ± 1.258,14.946 ± 0.146,2.548 ± 0.176,0.3602 ± 0.0019
20,9,R20_I09,4,GA_DP,Proposed GA-DP,20,715.501356669766,1.34002451638231,13077.6474557603,61.3416648228998,560.836476687738,23.6451729382306,2652.50301037863,6.04905846645901,76.9066148403593,1.31518410053947,3415.27006512522,61.3416648228992,5.45,3.2,25.9565533919736,16.8140378521817,0.155794573494255,0.295730492878701,0.187838550543743,0.204490595,0.00136789385840731,150,715.501 ± 1.340,13077.647 ± 61.342,560.836 ± 23.645,2652.503 ± 6.049,76.907 ± 1.315,16.814 ± 0.156,0.296 ± 0.188,0.2045 ± 0.0014
20,9,R20_I09,5,EXACT,Exact optimum,1,713.391640056472,0,13075.2320348998,0,520.070057654233,0,2653.01354526837,0,74.9522660933818,0,3412.85464426476,0,6,3,25,17.0593187376757,0,0,0,0.187341,0,0,713.392 ± 0.000,13075.232 ± 0.000,520.070 ± 0.000,2653.014 ± 0.000,74.952 ± 0.000,17.059 ± 0.000,0.000 ± 0.000,0.1873 ± 0.0000
20,10,R20_I10,1,FIXED,Fixed order + fixed direction,1,870.87854892518,0,20480.2955254224,0,919.622927377142,0,3199.57603402796,0,232.231270993237,0,10820.0827216144,0,14,11,25,0,0,21.4802272396922,0,3.55e-05,0,0,870.879 ± 0.000,20480.296 ± 0.000,919.623 ± 0.000,3199.576 ± 0.000,232.231 ± 0.000,0.000 ± 0.000,21.480 ± 0.000,0.0000 ± 0.0000
20,10,R20_I10,2,NN_DP,Nearest neighbour-DP,1,734.964843006034,0,14167.5550202881,0,556.272492157796,0,2726.33264113031,0,96.7140926086035,0,4507.34221648008,0,9,3,25,15.6065051879953,0,2.52140927314118,0,0.0004084,0,0,734.965 ± 0.000,14167.555 ± 0.000,556.272 ± 0.000,2726.333 ± 0.000,96.714 ± 0.000,15.607 ± 0.000,2.521 ± 0.000,0.0004 ± 0.0000
20,10,R20_I10,3,JOINT_GA,Joint-encoding GA,20,733.329795907133,1.23096529415494,14150.0583175567,13.1726075896639,546.294238955862,7.51225050099761,2720.64279228343,4.28367260136707,95.0790455097031,1.23096529415483,4489.84551374873,13.1726075896657,8.35,3,25,15.7942520444219,0.141347527238348,2.29333396531877,0.17170929728683,0.36076961,0.00129324561142642,150,733.330 ± 1.231,14150.058 ± 13.173,546.294 ± 7.512,2720.643 ± 4.284,95.079 ± 1.231,15.794 ± 0.141,2.293 ± 0.172,0.3608 ± 0.0013
20,10,R20_I10,4,GA_DP,Proposed GA-DP,20,718.388144431322,2.30858484836505,13434.2037823681,121.937881692756,509.911793029369,12.08750535812,2672.30588629222,8.44826672168734,80.2175584500615,2.33713087859243,3773.99097856015,121.937881692756,7.65,2,25.1989636868794,17.5099506908349,0.265086888546543,0.209099350907865,0.322028154588971,0.205407145,0.00104859007015938,150,718.388 ± 2.309,13434.204 ± 121.938,509.912 ± 12.088,2672.306 ± 8.448,80.218 ± 2.337,17.510 ± 0.265,0.209 ± 0.322,0.2054 ± 0.0010
20,10,R20_I10,5,EXACT,Exact optimum,1,716.889133905596,0,13353.1851971517,0,501.921232457043,0,2667.06367820178,0,78.770668683812,0,3692.97239334374,0,8,2,25,17.6820769336475,0,0,0,0.3904559,0,0,716.889 ± 0.000,13353.185 ± 0.000,501.921 ± 0.000,2667.064 ± 0.000,78.771 ± 0.000,17.682 ± 0.000,0.000 ± 0.000,0.3905 ± 0.0000
